name,pick,season,ftm,fta,3fgm,3fga,rim_made,rim_miss,mid_made,mid_miss,dunks_made,dunks_miss,oreb,dreb,ast,stl,blks,pts,gp,height,rec_rank,mpg,age,tov,sos,team_strength,international,NCAA_possessions_est,NBA_minutes,NBA_seasons,NBA_impact,standard_error
John Wall,1,2010,175,232,37,114,83,63,40,87,33,3,30,129,241,66,19,616,37,76,99.8,34.8,19.3,149,5.8,16.6,0,2245,23891,11,1.3,1
Kyrie Irving,1,2011,64,71,18,39,26,13,11,15,0,0,6,31,47,16,6,192,11,74,99.8,27.5,18.8,27,5.8,19.2,0,559,30330,14,3.6,0.8
Anthony Davis,1,2012,144,203,3,20,56,20,55,88,96,2,119,296,50,54,186,567,40,82,100,32,18.9,41,6.3,20.3,0,2117,29790,14,3.9,0.8
Anthony Bennett,1,2013,117,168,36,94,47,35,56,73,53,5,81,190,31,24,40,537,34,80,99,27.2,19.9,63,4.9,10.1,0,1604,1924,4,-4.1,2.1
Andrew Wiggins,1,2014,176,227,43,126,56,36,54,107,36,4,76,129,54,41,34,597,35,80,100,32.8,18.9,80,8,14.1,0,1965,29333,12,-0.9,0.9
Karl-Anthony Towns,1,2015,109,134,2,8,65,32,56,72,22,2,92,169,44,18,88,401,39,83,99.2,21.1,19.2,53,6.1,25.2,0,1315,25688,11,3.9,0.9
Ben Simmons,1,2016,199,297,1,3,103,56,55,106,56,5,103,285,158,65,27,632,33,82,100,34.9,19.5,111,4.8,4.3,1,2103,13071,7,2.2,1.1
Markelle Fultz,1,2017,109,168,52,126,57,43,86,112,14,1,33,110,148,39,30,579,25,76,99.2,35.7,18.6,80,4,-0.2,0,1636,6433,9,-0.7,1.4
Deandre Ayton,1,2018,140,191,12,35,98,42,79,108,87,2,118,287,57,20,66,704,35,85,99.4,33.5,19.5,69,4.1,10.4,1,2009,15534,8,-0.7,1.1
Zion Williamson,1,2019,130,203,24,71,175,59,25,26,72,7,116,177,68,70,59,746,33,79,99.2,30,18.6,78,8.8,19.7,0,1788,8658,6,2.1,1.3
Anthony Edwards,1,2020,127,165,69,237,62,40,37,85,27,0,23,139,88,42,17,591,31,77,99.8,33,18.5,84,5.4,4.1,0,1838,16953,6,2.4,1.2
Cade Cunningham,1,2021,132,156,62,155,60,39,46,91,7,2,19,148,93,43,21,546,27,80,100,35.4,19.3,110,6.4,8.9,0,1744,9280,5,2.6,1.4
Paolo Banchero,1,2022,137,188,44,130,86,58,74,121,41,3,69,236,124,41,36,671,39,82,99.8,33,19.2,92,5.6,14.7,0,2181,9562,4,1,1.4
Cooper Flagg,1,2025,179,213,52,135,91,80,60,92,36,3,49,228,156,52,50,709,37,81,100,30.7,18.1,78,6.9,23.6,0,1887,2280,1,2.2,2.1
Evan Turner,2,2010,138,182,20,55,84,27,106,152,18,1,62,222,185,54,28,632,31,79,90.8,35.7,21.3,136,6.5,15.5,0,1813,20283,10,-3.2,0.9
Derrick Williams,2,2011,247,331,42,74,79,49,49,69,56,4,105,209,43,37,26,741,38,80,81.4,30,19.7,100,5.9,12.3,0,1907,8882,7,-3.2,1.3
Victor Oladipo,2,2013,97,130,30,68,92,54,25,29,35,1,93,135,74,78,28,491,36,77,73,28.4,20.7,82,7.3,19.5,0,1707,17122,10,0.7,1
Michael Kidd-Gilchrist,2,2012,143,192,13,51,66,41,47,85,34,2,103,194,75,39,37,476,40,79,99.6,31.1,18.3,87,6.1,20.3,0,2062,11010,8,1.4,1.2
Jabari Parker,2,2014,160,214,38,106,63,70,74,119,61,5,105,201,41,37,43,670,35,80,99.4,30.7,18.8,81,6.8,14.7,0,1752,8695,8,-0.7,1.2
D'Angelo Russell,2,2015,118,156,95,231,66,40,66,108,4,0,35,163,175,55,11,675,35,77,97,33.9,18.9,102,6,14.6,0,1951,20205,11,-0.4,0.9
Brandon Ingram,2,2016,116,170,80,195,52,48,65,107,17,0,67,177,71,40,49,624,36,81,99.6,34.6,18.4,72,7.3,12.6,0,2122,19256,10,0,1
Lonzo Ball,2,2017,66,98,80,194,57,23,15,14,37,3,33,183,274,66,28,524,36,78,99.6,35.1,19.2,89,3.7,13.4,0,2335,9623,7,1.7,1.2
Marvin Bagley III,2,2018,131,209,23,58,99,67,54,64,94,4,132,234,50,27,29,694,33,83,100,33.8,18.8,75,6.7,17.9,0,1977,7591,8,-0.9,1.3
Ja Morant,2,2019,211,259,56,152,132,101,34,58,28,3,38,139,308,54,25,759,31,75,0,36.6,19.5,160,-1,9.2,0,2066,11228,7,2.4,1.3
James Wiseman,2,2020,19,27,0,1,8,1,3,3,9,1,13,19,1,1,9,59,3,85,100,23,18.6,3,-0.4,8.3,0,128,2865,5,-5.5,1.8
Chet Holmgren,2,2022,71,99,41,105,48,20,24,26,57,0,57,260,61,26,111,452,32,84,100,26.9,19.7,61,3.6,18.9,0,1581,6265,3,4.7,1.6
Brandon Miller,2,2023,146,170,106,276,62,59,31,62,23,3,76,229,76,33,32,696,37,81,97.2,32.6,20.2,81,7.1,17.5,0,2197,5205,3,0.6,1.6
Dylan Harper,2,2025,126,168,50,150,108,51,25,56,11,0,22,111,117,42,17,564,29,78,99.6,32.6,18.9,70,6.4,5.2,0,1643,1467,1,5,2.3
Derrick Favors,3,2010,86,137,0,1,84,35,40,72,53,3,107,195,33,31,72,440,35,82,100,27.8,19.3,86,7.2,11.8,0,1704,19883,12,-0.3,1
Otto Porter Jr.,3,2013,122,157,43,102,52,28,65,96,8,0,55,177,84,57,28,501,31,80,94,35.4,19.6,47,6.8,12.9,0,1694,14537,11,2.8,1.1
Bradley Beal,3,2012,133,173,63,186,71,46,23,47,18,2,50,199,83,51,31,546,37,75,99.4,34.2,18.6,79,5.8,14.3,0,2060,29302,14,0.9,0.8
Joel Embiid,3,2014,98,143,1,5,50,19,25,40,30,0,65,162,38,25,72,313,28,84,97.4,23.1,19.8,66,8.8,14.1,0,1111,17514,10,5.8,1.1
Jahlil Okafor,3,2015,99,194,0,0,149,54,66,84,64,3,134,188,49,29,54,657,38,83,100,30.1,19.1,95,8,20,0,1888,4741,7,-4.1,1.6
Jaylen Brown,3,2016,142,217,30,102,77,58,35,81,21,4,36,146,67,27,22,498,34,79,99.4,27.6,19.2,105,5.2,10.4,0,1601,25246,10,-0.2,0.9
Jayson Tatum,3,2017,118,139,40,117,61,44,46,76,18,3,39,174,62,39,33,488,29,80,99.4,33.3,18.9,76,8.9,15.1,0,1663,25219,9,4.6,1
RJ Barrett,3,2019,149,224,73,237,128,92,78,126,40,2,59,229,164,34,16,860,38,79,100,35.3,18.6,123,9.3,19.7,0,2439,15039,7,-1,1.1
Evan Mobley,3,2021,134,193,12,40,50,28,72,85,63,3,90,196,79,26,94,540,33,84,99.6,33.9,19.6,74,6.3,14.1,0,1885,11690,5,2.6,1.3
Jabari Smith Jr.,3,2022,131,164,79,187,27,21,63,113,14,1,32,219,67,37,35,576,34,82,99,28.8,18.7,64,5.7,14,0,1741,9237,4,1.1,1.4
Reed Sheppard,3,2024,54,65,75,144,34,20,27,32,5,1,12,124,147,82,23,411,33,75,91.8,28.9,19.6,66,4.8,10.3,0,1764,2752,2,0.6,2
VJ Edgecombe,3,2025,109,140,50,149,43,47,37,59,33,3,65,114,103,66,19,480,32,77,99.4,32.7,19.5,62,9.4,12.3,1,1713,2515,1,1.7,2.1
Wesley Johnson,4,2010,112,145,51,123,56,32,48,87,37,4,75,224,78,58,64,577,35,79,32.2,35,22.3,81,6.8,17.1,0,2168,13528,9,-2.9,1.1
Dion Waiters,4,2012,86,118,41,113,64,51,39,61,26,3,18,67,92,67,12,467,37,76,96,24.1,20.1,48,6.2,16.7,0,1442,12260,8,-1.4,1.1
Tristan Thompson,4,2011,127,261,0,0,48,40,54,98,70,5,138,144,45,34,86,471,36,80,97.8,30.9,19.9,64,6.2,17,0,1880,22807,14,-2.7,0.9
Cody Zeller,4,2013,196,259,0,2,93,84,50,65,56,5,102,188,47,37,45,594,36,84,98.2,29.5,20.3,81,7.5,19.5,0,1777,11852,11,0.6,1.1
Aaron Gordon,4,2014,76,180,16,45,83,59,36,104,54,2,102,201,75,34,39,470,38,80,99.6,31.2,18.4,55,6.5,19.2,0,1898,24178,12,1.5,0.9
Josh Jackson,4,2017,98,173,34,90,74,49,55,94,57,10,81,177,104,59,37,572,35,80,100,30.8,19.9,97,8.2,16.1,0,1910,6727,5,-3.2,1.4
De'Andre Hunter,4,2019,123,157,46,105,73,41,67,89,19,0,52,141,75,22,22,579,38,79,82,32.5,21.2,52,7.7,21.2,0,1860,11745,7,-1.3,1.2
Jaren Jackson Jr.,4,2018,106,133,38,96,30,32,20,23,31,0,52,151,39,21,105,382,35,83,98.6,21.9,18.3,62,4,16.3,0,1307,13886,8,1.4,1.1
Patrick Williams,4,2020,62,74,16,50,28,25,26,46,25,7,37,78,29,29,30,268,29,80,95,22.4,18.4,50,4.5,11.9,0,1130,9148,6,-1.7,1.3
Scottie Barnes,4,2021,41,66,11,40,42,26,26,40,19,2,35,61,98,35,11,248,24,81,99,24.8,19.5,59,4.7,10.1,0,1038,12323,5,2,1.2
Keegan Murray,4,2022,142,190,66,166,133,77,45,66,63,4,100,203,52,45,68,822,35,80,35.6,31.9,21.4,39,4.5,12.9,0,1938,8429,4,0.8,1.4
Stephon Castle,4,2024,83,110,20,75,71,52,23,43,23,3,57,102,99,27,18,377,34,78,98.2,26.9,19.3,51,6.3,20.4,0,1502,4111,2,2.2,1.8
Kon Knueppel,4,2025,117,128,84,207,75,42,20,29,2,3,40,116,107,40,6,563,39,79,97,30.5,19.5,53,7.2,23.6,0,1982,2511,1,5,2.2
DeMarcus Cousins,5,2010,162,268,1,6,91,41,57,106,53,4,154,220,38,37,67,575,38,83,99.6,23.5,19.3,78,6.2,16.6,0,1560,19489,11,0.5,1
Thomas Robinson,5,2012,163,239,7,14,99,80,80,149,70,13,113,350,72,42,34,692,39,81,94.6,31.8,20.9,104,8.1,17.5,0,2088,4299,5,-4.1,1.6
Alex Len,5,2013,105,153,1,8,60,43,45,97,67,4,109,189,37,8,78,452,38,85,0,26.4,19.6,60,4.5,8.7,0,1687,11863,12,-2.6,1.1
Kris Dunn,5,2016,132,190,42,113,72,56,42,96,27,2,36,140,206,82,20,542,33,76,97,33,21.8,116,6.4,7.2,0,1896,11782,10,-0.3,1.1
De'Aaron Fox,5,2017,156,211,17,69,111,71,66,110,20,1,21,122,165,53,7,601,36,75,99,29.6,19.1,87,6.5,16.5,0,1982,20118,9,1.7,1
Trae Young,5,2018,236,274,118,327,105,96,38,51,0,0,14,111,277,54,8,876,32,74,95.6,35.4,19.3,167,6.9,7.5,0,2157,18130,8,2.1,1.1
Darius Garland,5,2019,12,16,11,23,10,6,8,7,0,0,2,17,13,4,2,81,5,74,97.4,27.8,18.8,15,0.2,-0.9,0,264,14785,7,1.6,1.2
Isaac Okoro,5,2020,90,134,20,70,82,44,4,21,19,4,53,71,57,26,25,360,28,78,93,31.4,19,55,4.9,9.6,0,1548,10879,6,-0.4,1.2
Jalen Suggs,5,2021,86,114,35,104,88,55,22,28,9,1,18,142,136,57,10,429,30,76,98.2,28.9,19.7,88,5,19.7,0,1606,7355,5,1,1.5
Jaden Ivey,5,2022,154,207,64,179,82,49,29,71,28,3,24,152,110,33,20,624,36,76,84.4,31.4,20,94,6.1,13.5,0,1885,5995,4,-1.9,1.5
Ace Bailey,5,2025,74,107,47,136,40,39,92,108,24,2,62,153,38,30,38,527,30,82,99.8,33.3,18.4,61,8,5.2,0,1740,2031,1,0.5,2.1
Ekpe Udoh,6,2010,110,159,7,26,48,29,100,149,30,2,126,214,96,29,131,487,35,82,47.4,35.5,22.3,86,7.1,15,0,2081,5730,7,-2.5,1.5
Damian Lillard,6,2012,215,243,86,217,85,67,31,56,13,4,16,128,123,45,7,731,30,74,57.4,35.3,21.5,69,-1.9,2.7,0,1773,35134,13,4.3,0.8
Willie Cauley-Stein,6,2015,79,128,0,0,37,30,30,66,69,5,89,162,38,47,67,349,39,84,91.6,25.9,21.5,48,6.6,25.2,0,1606,9229,7,-1.3,1.2
Marcus Smart,6,2014,182,250,49,164,62,30,36,77,16,2,44,139,148,89,18,557,31,76,98.2,32.7,20.3,82,5.8,13.5,0,1761,23933,12,1.6,0.9
Nerlens Noel,6,2013,55,104,0,0,28,21,22,45,48,2,65,162,38,50,106,251,24,82,100,31.9,18.7,45,3.8,10.1,0,1303,10385,9,-1,1.2
Buddy Hield,6,2016,176,200,147,322,101,55,35,66,18,4,46,166,75,42,18,925,37,76,69,35.4,23.1,113,8.3,14,0,2312,21319,10,-1.1,0.9
Jonathan Isaac,6,2017,92,118,31,89,39,29,26,34,34,5,56,195,37,37,49,383,32,82,98.6,26.2,19.3,48,7.1,12.3,0,1515,6479,7,1.8,1.4
Mo Bamba,6,2018,81,119,14,51,44,31,23,52,65,3,96,220,15,23,109,387,30,83,99.6,30.2,19.7,46,7.3,8.6,0,1506,6103,8,-2.1,1.5
Jarrett Culver,6,2019,147,208,49,161,119,73,58,111,28,1,54,189,141,55,21,704,38,77,37.8,32.4,19.9,103,7.4,18.3,0,2074,2493,4,-2.4,1.9
Onyeka Okongwu,6,2020,103,143,1,4,77,48,39,55,58,3,92,150,30,34,76,456,28,81,95.2,30.6,19.1,56,4.8,7.2,0,1498,9535,6,1.3,1.3
Bennedict Mathurin,6,2022,136,178,83,223,73,59,24,62,38,4,51,157,94,36,10,655,37,78,77,32.5,19.6,66,4.4,16.3,1,2180,7945,4,-0.9,1.4
Anthony Black,6,2023,134,190,28,93,69,53,28,60,24,2,45,137,141,74,22,460,36,79,96.6,34.4,19,109,6.9,11.3,0,2161,4859,3,-0.2,1.7
Tre Johnson,6,2025,121,139,89,224,51,35,77,127,7,4,11,92,90,31,10,658,33,78,99.2,34.7,18.9,60,8.3,9.7,0,1951,1390,1,1.1,2.3
Greg Monroe,7,2010,138,209,7,27,133,83,33,69,21,1,74,254,128,42,52,549,34,83,98.6,34.2,20.3,112,8.4,13.5,0,1939,17863,10,-0.1,1
Harrison Barnes,7,2012,141,195,49,137,32,24,113,180,34,0,74,124,43,41,13,648,38,80,100,29.2,19.7,74,5.9,16.6,0,2003,34940,14,-0.8,0.8
Ben McLemore,7,2013,120,138,73,174,46,35,35,65,44,1,47,145,73,37,25,589,37,77,92.4,32.2,20,77,5.7,16.7,0,2018,12656,9,-3.1,1.1
Julius Randle,7,2014,204,289,3,18,95,62,61,115,37,3,140,277,57,20,31,599,40,81,99.8,30.8,19.2,101,7.4,13.5,0,2020,26177,12,-0.3,0.9
Jamal Murray,7,2016,119,152,113,277,59,33,54,96,18,1,53,133,79,35,11,720,36,76,98.2,35.2,18.9,84,6,14.8,0,2161,22197,9,1.6,1
Lauri Markkanen,7,2017,137,164,69,163,45,31,51,62,20,4,88,178,32,15,19,576,37,84,93,30.8,19.7,40,5.2,13.4,1,1909,15319,9,2,1
Wendell Carter Jr.,7,2018,124,168,19,46,64,53,40,57,56,2,109,226,74,30,76,501,37,82,98.8,26.8,18.8,75,7,17.9,0,1746,12779,8,0.4,1.2
Coby White,7,2019,104,130,82,233,61,32,40,72,5,1,12,112,143,38,11,562,35,77,95.2,28.6,19,94,9,16.8,0,1878,13959,7,0.4,1.1
Donovan Clingan,7,2024,81,139,2,8,109,63,27,32,48,4,87,171,53,18,86,455,35,86,90.2,22.5,20,28,6,20.4,0,1296,3318,2,3.2,1.9
Jeremiah Fears,7,2025,183,215,38,134,88,85,45,53,9,1,25,116,140,56,4,581,34,76,87.4,30.2,18.3,116,7.3,8.6,0,1798,2137,1,0.7,2.2
Al-Farouq Aminu,8,2010,139,199,18,66,66,59,37,98,46,2,133,199,41,44,44,491,31,81,98.4,31.3,20.3,99,7.3,8.9,0,1708,18743,11,0.1,1
Brandon Knight,8,2011,136,171,87,231,60,51,65,100,5,1,25,128,159,25,8,657,38,75,99.2,35.9,19.2,120,6.7,16.3,0,2254,13132,9,-2.5,1.1
Terrence Ross,8,2012,72,94,72,194,38,21,83,106,22,6,48,177,49,44,33,574,35,78,93.8,31.1,21,70,4.1,7.6,0,1918,18799,11,-2,1
Kentavious Caldwell-Pope,8,2013,135,169,84,225,48,30,39,73,15,1,37,189,58,65,17,591,32,77,97.8,33.9,19.9,64,4.2,2.6,0,1695,30137,13,0,0.8
Nik Stauskas,8,2014,168,204,92,208,38,32,40,59,15,2,15,90,118,20,11,630,36,78,78.2,35.6,20.3,67,7.8,14.1,0,2000,6683,6,-3.6,1.4
Stanley Johnson,8,2015,132,178,43,116,48,55,67,88,16,0,75,172,63,57,15,523,38,78,99.6,28.4,18.7,82,5.3,19.9,0,1790,8948,8,-1.8,1.2
Marquese Chriss,8,2016,89,130,21,60,50,30,56,77,52,13,85,98,26,32,55,470,34,81,88.6,24.9,18.6,69,5.4,6.2,0,1652,5349,6,-2.7,1.5
Collin Sexton,8,2018,196,252,44,131,98,76,49,75,5,3,34,90,119,28,3,632,33,75,99.2,29.9,19,92,6.8,6.8,0,1729,13716,8,-2.2,1.1
Obi Toppin,8,2020,99,141,32,82,60,27,46,57,107,8,37,197,67,30,38,621,31,81,0,31.6,21.9,68,3.3,15.1,0,1662,7702,6,0,1.4
Jaxson Hayes,8,2019,74,100,0,0,31,17,18,28,74,1,56,104,9,19,71,320,32,83,79.8,23.3,18.6,29,8.4,10.3,0,1232,7378,7,-0.6,1.3
Franz Wagner,8,2021,66,79,35,102,52,30,26,39,11,0,20,163,84,35,29,349,28,81,90.2,31.7,19.4,36,6.1,13.8,1,1495,10757,5,5,1.4
Jarace Walker,8,2023,53,80,35,101,39,30,53,85,31,1,82,163,65,35,46,402,36,80,98,27.7,19.4,53,3.7,19.3,0,1613,3603,3,-2.6,1.8
Rob Dillingham,8,2024,78,98,64,144,59,51,45,59,4,0,8,86,125,33,2,486,32,75,97,23.2,19,64,4.3,10.3,0,1371,1522,2,-1.5,2.3
Egor Demin,8,2025,57,82,42,154,52,30,20,37,12,1,10,118,180,38,12,351,33,81,95.4,27.5,18.9,97,7.2,13.1,1,1543,1335,1,2.4,2.4
Gordon Hayward,9,2010,179,216,47,160,70,38,34,43,19,1,72,233,62,40,30,572,37,81,0,33.5,20.3,85,5.5,13.5,0,1978,26507,14,1,0.9
Kemba Walker,9,2011,258,315,75,227,112,81,126,190,3,0,53,170,184,77,7,965,41,73,97.8,37.6,20.7,93,8.2,13.7,0,2503,25633,12,1.5,1
Andre Drummond,9,2012,26,88,0,2,50,46,27,78,80,9,114,143,15,28,92,340,34,82,83.4,28.4,18.4,52,6.3,8.9,0,1535,25659,14,1,0.9
Frank Kaminsky,9,2015,156,200,42,101,106,40,88,119,31,3,58,262,103,33,57,732,39,84,51.8,33.6,21.8,63,8.3,21,0,1941,8352,8,-1.1,1.3
Trey Burke,9,2013,132,164,74,193,58,38,109,137,9,0,20,102,252,61,20,706,38,72,81.6,35.4,20.2,81,8,16.9,0,2150,10545,9,-2.5,1.2
Noah Vonleh,9,2014,96,134,16,33,49,46,24,37,24,3,71,198,18,26,41,338,30,82,98,26.5,18.4,64,4.5,6.9,0,1346,5951,8,-1.6,1.4
Jakob Poeltl,9,2016,161,231,0,0,167,83,23,39,32,2,99,218,67,21,53,605,35,84,0,30.6,20.3,70,5.9,9.7,1,1792,14823,10,1.8,1.1
Dennis Smith Jr.,9,2017,143,200,55,153,81,58,33,74,22,0,26,120,197,62,14,580,32,75,98.8,34.8,19.1,108,5.7,2.4,0,1993,7559,7,-1.6,1.3
Rui Hachimura,9,2019,164,222,15,36,127,70,75,96,58,2,51,188,57,35,27,729,37,80,70.6,30.2,20.9,68,4.5,22.3,1,1988,12142,7,-1.7,1.1
Davion Mitchell,9,2021,43,66,63,141,68,41,25,32,2,0,14,66,165,57,11,422,30,74,88.4,32.5,22.4,73,4.9,18.4,0,1676,8828,5,-1.2,1.3
Kevin Knox,9,2018,127,164,57,167,47,32,75,99,18,2,33,167,53,31,10,578,37,81,98,32.4,18.4,85,7,11,0,2088,5674,7,-3.8,1.5
Zach Edey,9,2024,310,436,1,2,105,49,117,147,113,7,181,293,79,11,84,983,39,88,14.6,32,21.7,90,8.2,17.8,0,2118,1797,2,2.9,2.2
Jeremy Sochan,9,2022,53,90,24,81,36,12,25,37,15,5,59,132,53,38,21,277,30,81,77.6,25.1,18.7,47,5.7,16.8,1,1303,5407,4,-0.9,1.6
Taylor Hendricks,9,2023,86,110,61,155,52,47,35,59,36,1,80,157,46,31,57,515,34,81,87.8,34.6,19.2,48,3.4,8.6,0,1948,2062,3,-0.5,2.1
Collin Murray-Boyles,9,2025,133,188,9,34,133,65,30,46,26,4,71,193,77,47,43,538,32,80,82.2,30.6,19.6,78,7.8,5.3,0,1630,1250,1,1.1,2.4
Jimmer Fredette,10,2011,250,280,121,308,107,41,112,187,2,1,23,103,155,48,1,1055,36,74,54.4,36.1,21.9,130,5.1,15.1,0,2303,3205,6,-4.1,1.8
Paul George,10,2010,110,122,58,163,52,32,22,60,18,4,54,148,86,60,24,468,28,80,61.6,33.2,20.3,89,1.3,-0.1,0,1560,35803,16,4.2,0.8
CJ McCollum,10,2013,62,73,33,64,31,29,29,38,3,0,12,48,35,17,4,287,12,75,9.8,31,21.2,32,-0.5,5.5,0,645,29870,13,1,0.8
Austin Rivers,10,2012,121,184,58,159,79,59,34,68,3,0,21,94,71,33,1,527,34,76,99.8,33.2,19.5,79,6.6,12.5,0,1920,18093,11,-2.6,0.9
Elfrid Payton,10,2014,167,283,14,54,148,75,36,101,21,3,78,122,184,75,18,619,32,75,0,36.9,19.9,121,0.7,3.6,0,2074,13828,9,-1.3,1.1
Justise Winslow,10,2015,100,156,46,110,88,50,15,70,24,1,49,203,82,52,34,492,39,78,97.6,29.1,18.9,71,8.1,20,0,1860,9288,8,0.8,1.2
Mikal Bridges,10,2018,114,134,104,239,74,45,31,44,35,7,54,158,77,61,43,706,40,79,84,32.2,21.4,54,6.8,19.5,0,2245,22933,8,1.4,1
Zach Collins,10,2017,110,148,10,21,75,28,30,29,20,4,66,164,16,18,69,390,39,84,94.2,17.2,19.2,60,2.4,20.9,0,1191,7578,8,-0.4,1.3
Jalen Smith,10,2020,111,148,32,87,65,41,22,45,49,3,99,227,25,22,73,479,31,82,97,31.2,19.8,53,6.6,11.6,0,1628,5494,6,0.7,1.5
Cam Reddish,10,2019,88,114,89,267,34,35,24,61,7,4,20,113,70,56,21,485,36,80,99.8,29.7,19.4,96,8.7,19.7,0,1937,6001,6,-2.6,1.4
Ziaire Williams,10,2021,39,49,23,79,16,22,27,48,10,1,10,81,44,17,11,214,20,80,99.2,27.9,19.3,58,5.6,5.3,0,987,5921,5,-1.2,1.5
Johnny Davis,10,2022,155,196,37,122,73,51,84,144,16,3,41,214,65,36,23,612,31,77,70.6,34.2,19.9,71,6.6,8.6,0,1778,1285,3,-3.3,2.3
Cason Wallace,10,2023,53,70,44,127,41,21,43,69,11,0,30,89,136,63,15,375,32,76,98.6,32.1,19.2,67,5.9,10.1,0,1709,6259,3,2.7,1.5
Cody Williams,10,2024,55,77,17,41,52,19,23,39,15,5,17,55,38,15,16,286,24,80,98.8,28.1,19.2,48,5.4,10.3,0,1154,2737,2,-2.9,2
Khaman Maluach,10,2025,59,77,4,16,39,26,12,7,81,10,107,150,20,8,51,335,39,86,99,21.2,18.4,30,6.7,23.6,1,1380,390,1,1.4,2.9
Cole Aldrich,11,2010,108,159,0,0,60,33,57,82,32,1,110,244,31,27,125,406,36,83,94.8,26.8,21.3,56,6.6,20.2,0,1666,3459,8,-2.5,1.7
Klay Thompson,11,2011,155,185,98,246,58,44,76,119,8,0,25,153,127,56,32,733,34,78,91.8,34.7,21,115,4.7,8.1,0,2031,34943,13,-0.1,0.8
Doug McDermott,11,2014,178,206,96,214,150,70,75,108,9,0,57,187,55,8,5,934,35,80,69.2,33.7,22.1,62,5.1,12.7,0,1921,14318,12,-3.6,1
Meyers Leonard,11,2012,93,127,1,11,58,30,60,76,51,5,73,189,43,15,60,434,32,84,94.2,31.8,19.9,68,7.3,6.3,0,1629,7595,10,-2.2,1.3
Michael Carter-Williams,11,2013,129,186,35,120,66,56,34,92,20,4,51,144,292,111,19,474,40,78,95,35.2,21.3,136,7,16.9,0,2280,10204,9,-1.5,1.2
Domantas Sabonis,11,2016,149,194,5,14,135,55,67,82,22,2,106,308,63,21,31,612,35,83,60.2,32.1,19.7,92,2.8,12.9,1,1906,20839,10,1.7,1
Myles Turner,11,2015,94,112,17,62,29,12,60,81,11,2,44,178,20,10,89,345,34,83,99,22.2,18.8,47,6.7,12.8,0,1189,22217,11,1.3,0.9
Cameron Johnson,11,2019,90,110,96,210,58,26,48,66,9,1,66,142,86,43,10,608,36,81,55.4,29.9,22.9,54,8.4,16.8,0,2030,11512,7,1.1,1.1
Malik Monk,11,2017,148,180,104,262,48,35,75,112,24,4,12,83,87,36,19,754,38,75,98,32.1,19,76,7.1,16.5,0,2257,13414,9,-2.4,1.1
Shai Gilgeous-Alexander,11,2018,143,174,23,57,97,74,52,86,11,0,33,120,189,61,18,532,37,78,94,33.7,19.5,99,7.2,11,0,2164,19162,8,5.5,1.1
Devin Vassell,11,2020,48,65,44,106,25,20,49,66,26,2,38,114,49,42,29,380,30,79,60.2,28.7,19.4,23,5.5,11.9,0,1486,10341,6,0.2,1.3
James Bouknight,11,2021,63,81,22,75,40,27,24,41,12,0,23,62,27,17,4,281,15,77,86.8,31.7,20.4,42,4.3,9.1,0,784,901,3,-1.5,2.5
Cedric Coward,11,2025,26,31,12,30,13,5,8,4,1,0,11,31,22,5,10,106,6,78,0,33,21.2,13,0.5,1.6,0,373,1575,1,0.2,2.2
Jett Howard,11,2023,60,75,78,212,23,18,30,42,6,0,8,74,59,12,19,412,29,80,91.8,31.7,19.3,37,5.2,7.8,0,1552,1426,3,-2.1,2.3
Xavier Henry,12,2010,90,115,69,165,43,30,33,66,17,0,43,114,53,54,18,483,36,78,99,27.5,19.3,69,6.8,20.2,0,1714,2878,5,-2.4,1.8
Alec Burks,12,2011,245,298,28,95,96,62,93,142,26,2,87,152,110,40,11,759,37,78,61.4,31.6,19.5,97,4.9,8.1,0,2017,17997,14,-1.6,0.9
Jeremy Lamb,12,2012,98,121,71,211,44,17,79,79,23,1,32,134,58,42,21,603,34,77,83,37.2,19.6,68,6.4,8.9,0,2024,11871,10,-0.2,1.1
Taurean Prince,12,2016,110,143,53,147,64,44,52,104,14,1,76,120,76,40,24,529,33,80,62.6,30.8,21.8,88,7.1,11,0,1699,15626,10,-2.4,1
Steven Adams,12,2013,31,70,0,0,56,40,15,31,29,4,90,113,20,21,65,231,32,84,99.2,23.4,19.5,35,4.4,16.1,0,1132,22018,12,2.5,0.9
Trey Lyles,12,2015,75,102,4,29,41,17,44,79,28,2,65,123,38,19,16,313,36,82,97.8,23,19.2,41,6.3,25.2,0,1319,12063,10,-1.5,1.1
Luke Kennard,12,2017,160,187,88,201,52,32,94,104,3,0,43,145,91,31,13,722,37,78,96,35.5,20.6,59,7.7,15.1,0,2285,12785,9,-0.3,1.1
Miles Bridges,12,2018,93,110,71,194,54,39,54,83,30,5,43,194,90,21,26,582,34,79,97.8,31.4,19.8,67,4.9,16.3,0,1812,15420,7,-0.8,1.1
P.J. Washington,12,2019,118,178,33,78,57,43,67,82,33,4,82,183,63,30,43,531,35,80,97.2,29.3,20.4,69,7.1,16.3,0,1717,14425,7,-0.4,1.1
Tyrese Haliburton,12,2020,37,45,52,124,39,15,26,34,7,1,32,97,142,54,15,335,22,77,65.6,36.7,19.8,61,6.3,4,0,1440,12186,5,4.1,1.2
Jalen Williams,12,2022,114,141,42,106,99,60,53,82,25,2,19,127,137,39,18,594,33,78,52,34.8,20.8,69,2.6,5.9,0,2042,8899,4,1.3,1.4
Joshua Primo,12,2021,33,44,43,113,34,26,4,15,3,0,31,70,25,16,9,244,30,78,88.8,22.5,18.1,41,6.2,13.2,0,1268,1076,3,0.9,2.4
Dereck Lively II,12,2023,21,35,2,13,20,21,1,7,54,1,72,112,37,17,83,177,34,85,100,20.6,19,23,5.4,11.7,0,1143,2691,3,5.3,1.9
Markieff Morris,13,2011,103,153,25,59,81,37,42,62,47,3,103,213,53,30,43,518,38,82,76.6,24.4,21.4,78,6.1,18.9,0,1608,19352,14,-1.7,0.9
Ed Davis,13,2010,87,132,0,0,16,7,61,71,26,1,66,154,22,10,64,309,23,82,98.2,27.9,20.2,46,5.9,7.8,0,1198,13988,12,-1.8,1
Kelly Olynyk,13,2013,131,168,9,29,127,57,48,43,25,3,75,150,52,21,35,560,31,84,0,26.5,21.8,75,4.6,17.8,0,1308,19095,13,0.2,0.9
Kendall Marshall,13,2012,55,79,28,79,35,18,42,51,0,0,6,88,351,43,6,293,36,76,94.8,33,20.4,101,5.5,16.6,0,2142,3068,4,-1.8,1.8
Zach LaVine,13,2014,47,68,48,128,30,35,28,40,21,4,18,76,66,33,6,349,37,77,90,24.4,18.9,42,5.2,12.8,0,1584,22605,12,-1.3,0.9
Devin Booker,13,2015,53,64,58,141,34,16,35,53,8,1,17,59,42,17,2,381,38,78,95.8,21.5,18.3,37,6.5,25.2,0,1298,26950,11,2.6,0.9
Donovan Mitchell,13,2017,87,108,80,226,55,48,37,64,9,4,37,128,93,70,17,529,34,75,94.4,32.3,20.4,56,8,15.9,0,1864,22787,9,2.8,1
Jerome Robinson,13,2018,146,176,81,198,86,58,71,90,12,1,18,108,116,30,5,727,35,77,38.6,36,20.9,96,5.5,5.7,0,2206,1739,4,-3,2.1
Tyler Herro,13,2019,87,93,60,169,52,27,70,80,4,1,15,151,92,41,12,519,37,77,92.8,32.6,19,60,7.7,16.3,0,2021,14319,7,-0.2,1.1
Kira Lewis Jr.,13,2020,105,131,56,154,111,86,33,60,6,0,26,122,162,56,18,573,31,75,92.4,37.6,18.8,110,5.2,6.5,0,2215,1758,4,-0.9,2.1
Chris Duarte,13,2021,64,79,61,144,49,26,36,31,14,1,20,101,68,50,21,445,26,78,52.8,34.1,23.6,59,5.7,9.7,1,1504,3206,4,-2.5,1.8
Jalen Duren,13,2022,65,104,0,1,41,35,30,53,70,6,86,150,37,24,61,347,29,83,99.4,25.3,18.2,65,5.6,10.2,0,1295,7478,4,3.4,1.5
Devin Carter,13,2024,130,174,84,223,92,63,17,42,26,0,33,253,120,58,32,652,33,75,83.2,35.3,21.8,89,6.2,7.1,0,1991,1115,2,-0.7,2.5
Gradey Dick,13,2023,76,89,83,206,47,38,29,58,15,1,40,145,60,52,9,507,36,80,96.2,32.7,19.2,45,8.2,12.9,0,2063,3913,3,-1.1,1.7
Derik Queen,13,2025,167,218,7,35,117,71,47,86,39,4,84,239,67,39,39,594,36,82,97.6,30.4,20.1,85,7.1,16.6,0,1918,2004,1,-0.2,2.2
Patrick Patterson,14,2010,90,130,24,69,71,24,50,77,65,5,116,167,36,27,51,544,38,81,98.2,33,21.3,41,5.8,16.6,0,2197,15935,11,-0.9,1
Marcus Morris,14,2011,148,215,26,76,83,31,100,98,31,2,99,191,62,32,24,654,38,81,77.6,28.3,21.4,67,6.1,18.9,0,1871,24053,13,-1.3,0.8
John Henson,14,2012,69,135,0,0,28,30,122,173,55,2,89,259,44,20,101,479,35,83,99.2,29.1,21.1,45,5.8,16.6,0,1834,8901,8,-4,1.3
Shabazz Muhammad,14,2013,128,180,40,106,55,43,82,144,24,2,87,80,27,23,4,572,32,78,99.8,30.8,20.2,51,6.3,8.5,0,1706,4780,5,-3.9,1.6
T.J. Warren,14,2014,156,226,31,116,155,59,120,166,37,0,113,137,40,63,21,871,35,80,95.6,35.4,20.4,83,5,5.6,0,2008,10571,9,-0.9,1.2
Denzel Valentine,14,2016,81,95,104,234,33,21,63,85,5,2,25,208,241,32,7,595,31,77,77.8,33,22.2,85,5.2,17.7,0,1702,4803,5,-2.2,1.6
Cameron Payne,14,2015,126,161,82,220,50,34,96,112,3,0,20,102,197,64,16,667,33,74,28.4,32.2,20.5,82,-0.9,8,0,1808,9665,11,-1.1,1.2
Bam Adebayo,14,2017,154,236,0,1,39,41,32,67,99,6,118,186,32,26,57,494,38,82,98.4,30.1,19.5,64,7.3,16.5,0,2113,22247,9,2,1
Michael Porter Jr.,14,2018,7,9,3,10,7,6,0,7,0,0,4,16,1,3,1,30,3,82,99.8,17.7,19.7,3,8.3,8.5,0,87,13944,7,0.5,1.2
Romeo Langford,14,2019,140,194,34,125,81,43,52,80,10,4,45,127,75,25,26,528,32,78,98.8,34.1,19.2,68,6.8,7.8,0,1852,2419,4,-2.1,1.9
Ochai Agbaji,14,2022,113,152,103,253,82,41,36,90,37,4,32,165,62,36,22,732,39,77,73.6,35.1,21.8,80,8.3,16.4,0,2369,5558,4,-2,1.5
Aaron Nesmith,14,2020,52,63,60,115,23,23,16,22,6,0,11,57,13,20,12,322,14,78,87.4,35.7,20.2,24,0.6,-0.8,0,878,8724,6,0,1.3
Moses Moody,14,2021,151,186,58,162,52,47,45,69,10,1,64,120,50,32,21,539,32,78,91.4,33.8,18.7,52,5.3,12.1,0,2030,6149,5,0,1.5
Jordan Hawkins,14,2023,125,141,109,281,40,36,24,51,9,4,36,104,47,26,19,598,37,77,90.2,29.4,20.8,50,6,17.4,0,1848,3182,3,-4.3,1.8
Carlton Carrington,14,2024,73,93,65,202,26,24,66,66,2,0,16,155,136,19,8,456,33,77,76.2,33.2,18.5,64,4.2,9.6,0,1831,4680,2,-2.2,1.8
Carter Bryant,14,2025,41,59,39,105,16,10,9,19,17,0,32,120,36,35,37,242,37,80,95.8,19.3,19.2,37,9.5,15.4,0,1260,798,1,0.7,2.6
Larry Sanders,15,2010,107,167,4,16,78,58,55,97,59,4,106,213,34,26,90,503,35,83,29.4,26.9,21.3,58,2,9.7,0,1594,4707,6,-2.1,1.6
Kawhi Leonard,15,2011,110,145,23,81,59,20,97,175,19,0,108,256,87,50,20,529,34,78,88.8,33,19.6,75,5.4,15.6,0,1781,30164,14,6.7,0.8
Adreian Payne,15,2014,109,138,44,104,36,26,60,86,38,4,48,177,41,15,28,509,31,82,95.8,28.1,22.9,63,6.4,14.2,0,1449,1385,4,-4.5,2.3
Maurice Harkless,15,2012,94,139,17,79,84,66,49,103,43,3,88,188,47,51,45,497,32,80,92.8,36.1,18.7,80,5.3,0.1,0,1939,14721,10,-1.8,1
Kelly Oubre Jr.,15,2015,79,110,34,95,31,24,28,47,17,5,41,138,28,41,13,333,36,79,98.8,21,19.2,43,9.3,13.4,0,1267,19760,11,-1.7,0.9
Corey Kispert,15,2021,86,98,91,207,89,32,20,38,9,0,30,129,58,29,14,595,32,79,79,31.8,21.9,42,4.4,19.7,0,1886,8562,5,-2.3,1.3
Troy Brown Jr.,15,2018,78,105,32,110,72,46,26,51,13,4,53,164,111,55,7,396,35,79,97.6,31.2,18.5,86,2.7,6.6,0,1892,6900,6,-1.4,1.3
Cole Anthony,15,2020,96,128,49,141,34,32,45,90,3,0,10,115,87,29,6,407,22,75,99.4,34.9,19.7,77,6.8,4.5,0,1351,8535,6,-0.9,1.3
Mark Williams,15,2022,56,77,0,1,75,43,20,26,96,5,101,190,34,20,109,438,39,84,94.8,23.6,20.1,36,5.5,14.7,0,1573,3881,4,-0.3,1.7
Kobe Bufkin,15,2023,73,86,43,121,74,38,44,69,12,1,25,124,96,43,23,462,33,76,91.4,34,19.3,64,5.9,7.8,0,1886,441,3,-1.9,2.8
Kel'el Ware,15,2024,85,134,17,40,54,36,54,68,63,5,63,233,45,18,56,478,30,84,98.2,32.1,19.7,47,6.6,3.5,0,1662,3175,2,1.3,1.9
Nikola Vucevic,16,2011,123,163,29,83,77,37,89,116,20,4,97,253,54,18,47,582,34,82,44,34.9,20.2,58,5.3,8.3,0,1906,32606,15,1.1,0.9
Luke Babbitt,16,2010,195,212,42,100,60,43,131,147,12,0,68,225,70,33,26,727,33,81,96.6,37.5,20.3,79,3.3,5.6,0,2176,5318,8,-2.5,1.5
Royce White,16,2012,102,205,4,12,83,46,42,98,46,1,85,231,170,40,32,456,34,80,95,31.5,20.8,130,6.1,9.8,0,1797,9,1,-0.7,3.2
Terry Rozier,16,2015,139,176,48,157,70,66,88,130,8,1,43,157,108,72,6,615,36,73,94.2,35,20.9,79,7.5,14.3,0,2048,19510,10,-2,1
Justin Patton,16,2017,43,83,8,14,93,35,27,50,67,1,57,154,40,29,49,440,34,84,83.2,25.3,19.6,59,5.7,11,0,1558,298,4,-1.7,2.8
Chuma Okeke,16,2019,65,90,54,139,69,38,20,44,24,2,103,150,71,67,45,444,37,80,90.8,29.1,20.4,63,7,14.9,0,1876,4039,5,-2.1,1.7
Zhaire Smith,16,2018,91,127,18,40,48,61,25,32,63,7,79,102,64,43,38,415,37,77,61.4,28.4,18.7,42,7,14,0,1787,150,2,1.1,3
Isaiah Stewart,16,2020,154,199,5,20,108,55,53,71,26,4,88,193,27,17,67,543,32,81,99.6,32.3,18.7,71,5.5,7.8,0,1807,8769,6,0.2,1.4
AJ Griffin,16,2022,42,53,71,159,34,14,33,46,8,2,30,123,38,20,22,405,39,78,96.8,24.3,18.5,25,5.5,14.7,0,1605,1566,2,1,2.2
Keyonte George,16,2023,119,150,77,228,35,26,40,79,3,1,33,104,91,37,6,506,33,76,98.8,28.7,19.2,95,6.8,11.6,0,1599,5867,3,-1.4,1.6
Jared McCain,16,2024,77,87,87,210,51,36,35,45,2,0,28,152,66,39,3,514,36,75,97.6,31.6,19.9,46,5.9,15.1,0,1905,1769,2,0.7,2.1
Tyler Zeller,17,2012,181,224,0,0,57,40,131,136,32,2,146,219,36,34,58,621,38,84,97,28.2,22,73,5.9,16.6,0,1928,7507,8,-2.5,1.3
Iman Shumpert,17,2011,141,175,42,151,60,29,56,115,19,6,54,130,108,85,6,537,31,77,95.6,32,20.6,72,4.5,4.7,0,1712,13140,10,0.4,1.1
James Young,17,2014,125,177,82,235,36,31,45,81,20,2,41,130,67,30,8,573,40,78,98.4,32.4,18.5,75,7.6,13.5,0,2136,860,4,-0.4,2.5
D.J. Wilson,17,2017,50,60,41,110,34,15,51,57,38,0,57,146,50,19,57,419,38,82,75.6,30.4,20.9,42,7.1,13.4,0,1840,1843,6,-2.5,2.1
Wade Baldwin IV,17,2016,155,194,41,101,50,53,31,67,13,2,13,119,172,40,11,466,33,75,74,30.4,19.8,91,6,11.8,0,1733,614,3,-2.6,2.6
Rashad Vaughn,17,2015,68,98,54,141,45,38,42,58,3,1,14,97,36,18,8,410,23,78,98.2,32.3,18.4,50,3.8,4.3,0,1210,1684,3,-2.2,2.2
Donte DiVincenzo,17,2018,76,107,85,212,62,39,31,36,10,0,46,144,139,42,8,537,40,77,75.4,29.3,21,79,6.8,19.5,0,2046,14418,8,0.6,1
Nickeil Alexander-Walker,17,2019,112,144,58,155,79,59,41,55,12,0,16,123,135,64,18,550,34,77,92.2,34.3,20.4,97,6.5,15.8,0,1876,11342,7,-0.5,1.1
Trey Murphy III,17,2021,38,41,52,120,10,13,11,13,23,1,15,70,30,20,11,282,25,81,0,29.6,20.6,19,4.4,10.9,0,1122,9591,5,0.2,1.3
Tari Eason,17,2022,151,188,28,78,90,75,25,49,47,1,75,143,33,65,38,559,33,80,75.4,24.4,20.7,72,6.1,12.8,0,1415,5359,4,1.9,1.6
Dalton Knecht,17,2024,157,204,93,234,93,80,49,87,29,5,28,148,65,25,23,778,36,78,0,30.6,22.8,61,7.4,15.7,0,1940,2013,2,-2.5,2.1
Jalen Hood-Schifino,17,2023,59,76,37,111,37,35,90,126,4,0,14,118,117,26,8,432,32,78,95.6,33.1,19.6,89,6.1,10.3,0,1799,423,2,-2.3,2.8
Chris Singleton,18,2011,84,126,35,95,28,29,42,69,19,3,58,133,33,55,41,367,28,81,96.8,29.1,21.1,61,3.9,10.3,0,1413,2577,3,-1.4,2
Eric Bledsoe,18,2010,82,123,49,128,66,38,21,47,6,0,19,95,107,52,12,419,37,73,86.6,30.3,19.3,112,6.1,16.6,0,1969,22071,12,1.1,0.9
Terrence Jones,18,2012,99,158,16,49,65,40,38,100,58,4,96,176,51,49,68,469,38,81,98.4,29.3,20.1,62,6.6,20.3,0,1851,6091,6,-2,1.4
Shane Larkin,18,2013,87,112,69,170,66,46,47,51,1,1,17,121,164,71,4,522,36,71,76.8,36.4,20.3,82,5.9,13.8,0,2095,4984,4,-3.2,1.6
Sam Dekker,18,2015,80,113,50,151,106,41,29,49,28,3,77,143,49,21,18,556,40,81,97.8,31,20.7,36,8,21,0,1834,3106,5,-0.9,1.8
Tyler Ennis,18,2014,114,149,30,85,66,55,51,102,2,0,27,88,188,72,6,440,34,74,95.6,35.7,19.4,58,5.4,12.3,0,1825,2319,4,-1.9,1.9
Henry Ellenson,18,2016,143,191,30,104,64,42,95,123,5,1,71,250,59,28,49,561,33,83,98.4,33.5,19,78,3.7,3.8,0,1998,795,5,-0.1,2.5
T.J. Leaf,18,2017,72,106,27,58,87,41,66,73,56,0,78,209,85,22,39,569,35,82,96.6,29.9,19.7,52,4,13.4,0,1935,1280,4,-0.8,2.3
Lonnie Walker IV,18,2018,48,65,56,162,47,40,17,39,12,1,13,70,61,30,15,368,32,77,97,27.8,19.1,37,5.5,9.4,0,1495,7166,7,-3.1,1.3
Jaime Jaquez Jr.,18,2023,104,135,33,104,126,89,85,120,17,2,95,209,87,57,22,659,37,79,82.6,33.2,21.9,67,5.6,16.8,0,2064,5765,3,-0.6,1.6
Tre Mann,18,2021,74,89,45,112,43,30,45,60,0,0,16,119,83,33,4,385,24,77,96,31.9,20,68,5.6,8.5,0,1351,4448,5,-2.1,1.6
Josh Green,18,2020,85,109,30,83,40,34,30,78,24,2,39,98,78,46,13,357,30,78,97.6,30.8,19.2,49,5.2,13.4,1,1635,7818,6,-0.2,1.3
Tristan da Silva,18,2024,86,103,64,162,62,49,55,56,16,0,32,140,82,39,19,544,34,81,0,34,22.7,61,4.6,10.3,1,1984,3396,2,-1,1.8
Dalen Terry,18,2022,39,53,28,77,51,31,14,32,22,2,43,136,145,46,12,297,37,79,90.6,27.8,19.6,51,4.5,16.3,0,1864,2444,4,-1.5,1.9
Walter Clayton Jr.,18,2025,126,144,117,303,76,47,36,56,6,0,14,130,163,46,20,713,39,75,0,32.6,21.9,94,9,20.3,0,2247,1448,1,-1.6,2.3
Andrew Nicholson,19,2012,128,165,23,53,76,39,88,93,33,3,83,186,33,21,63,591,32,81,10.6,30.1,22.1,80,2.8,7.1,0,1557,4056,5,-4.5,1.7
Avery Bradley,19,2010,36,66,42,112,33,40,70,97,14,2,33,65,71,44,18,396,34,74,99.4,29.5,19.3,52,6.6,14.6,0,1843,19246,12,-2,1
Tobias Harris,19,2011,128,170,23,76,74,46,67,116,21,2,67,180,44,24,29,521,34,80,99,29.2,18.5,62,7.3,7.5,0,1662,34547,15,0.3,0.7
Jerian Grant,19,2015,170,218,50,158,97,34,47,80,10,1,13,102,252,63,19,628,38,77,78,37.1,22.3,82,5.8,14.5,0,2239,5027,5,-2,1.6
Gary Harris,19,2014,115,142,81,230,43,39,49,73,22,0,37,103,94,63,15,586,35,76,96.4,32.3,19.4,60,7.9,14.2,0,1846,18348,12,-0.7,1
John Collins,19,2017,164,220,0,1,109,52,66,83,59,3,124,200,17,21,52,632,33,82,63.2,26.6,19.3,61,6.4,9.1,0,1568,16322,9,0.9,1
Malik Beasley,19,2016,104,128,55,142,64,40,43,79,23,2,44,136,51,32,6,529,34,77,92.4,29.8,19.2,59,5.6,7.9,0,1818,14550,9,-1.2,1
Kevin Huerter,19,2018,74,97,70,169,49,22,32,35,5,0,30,126,105,19,20,457,31,79,87.2,34.3,19.4,78,5.9,9.9,0,1769,15889,8,1.8,1
Saddiq Bey,19,2020,70,91,79,175,48,36,30,57,18,3,40,107,74,24,12,499,31,80,72.6,33.9,20.8,46,6.4,11.1,0,1767,11159,5,-0.4,1.2
Kai Jones,19,2021,51,74,13,34,15,17,9,18,46,4,51,75,16,22,24,230,26,83,89.8,22.8,20,36,6,10,1,1033,1062,3,-1,2.4
Jake LaRavia,19,2022,122,157,28,73,67,46,39,38,32,2,68,149,122,55,31,482,33,80,0,34.2,20.2,88,3.2,8.9,0,2002,4538,4,-0.1,1.6
Brandin Podziemski,19,2023,111,144,80,179,68,44,62,84,7,2,55,216,113,55,15,616,31,77,78.6,36,19.9,71,3,4.6,0,1979,6281,3,2.1,1.5
Ja'Kobe Walter,19,2024,145,183,74,214,29,27,34,65,4,1,46,106,49,36,8,493,34,77,98.4,32.3,19.4,46,7.9,13.3,0,1838,2582,2,0.9,2
James Anderson,20,2010,209,258,74,217,95,65,35,58,22,2,64,128,80,46,20,735,33,78,96,34.1,21.3,78,5.9,9.7,0,1930,4336,5,-2.9,1.6
Tony Snell,20,2013,86,102,64,164,23,23,49,72,8,2,14,78,101,29,17,438,35,79,19.6,31.2,21.2,72,5.7,10.8,0,1766,13570,9,-2.8,1.1
Caris LeVert,20,2016,52,66,27,60,27,12,12,30,9,0,9,67,69,13,3,229,14,79,52.4,31.1,21.3,22,1.2,9.5,0,718,16363,10,-0.6,1
Delon Wright,20,2015,152,182,26,73,84,47,34,64,17,1,33,135,173,71,33,494,34,77,0,33.3,22.8,66,5.7,17.7,0,1777,11811,10,0.8,1.1
Matisse Thybulle,20,2019,57,67,46,151,21,17,6,34,39,2,27,84,77,124,79,327,36,77,79.4,31,21.9,66,4.7,8.6,0,1874,8113,7,0.8,1.3
Josh Okogie,20,2018,133,162,38,100,52,58,27,66,16,1,54,96,59,42,23,437,24,76,63.8,36.4,19.4,61,6.9,2.1,0,1459,9399,8,-0.3,1.2
Harry Giles,20,2017,12,24,0,0,19,9,11,20,15,2,41,59,9,9,17,102,26,82,99.8,11.5,18.8,18,9.6,15.1,0,520,1938,4,-2.7,2
Precious Achiuwa,20,2020,112,187,13,40,101,78,21,77,47,5,93,241,30,34,58,489,31,81,97.2,30.4,20.3,87,3.7,8.3,0,1710,8381,6,-2.7,1.3
Jalen Johnson,20,2021,24,38,8,18,33,23,8,19,8,0,19,59,29,15,16,146,13,81,97.8,21.4,19.1,33,3.8,7.3,0,500,6844,5,0.6,1.5
Jaylon Tyson,20,2024,113,142,50,139,97,89,51,77,24,0,51,159,107,37,15,607,31,79,93.4,34.4,21.1,96,4.6,1.1,0,1858,2207,2,-0.4,2
Malaki Branham,20,2022,80,96,37,90,45,21,66,87,12,1,25,89,65,25,9,437,32,77,93,29.7,18.7,54,6.3,9.5,0,1535,3823,4,-2.4,1.7
Cam Whitmore,20,2023,45,64,37,108,47,36,10,23,28,3,21,117,19,37,9,326,26,79,97.4,27.3,18.6,42,5.7,6.8,0,1154,2055,3,0.3,2
Kasparas Jakucionis,20,2025,142,168,54,170,75,37,19,37,1,0,46,142,156,29,9,494,33,78,94,31.9,18.7,123,8.9,14.4,1,1883,951,1,2.7,2.5
Nolan Smith,21,2011,187,230,57,163,102,57,82,143,19,2,44,122,189,45,3,764,37,74,95.8,34,22.5,118,6.5,19.2,0,2203,834,2,-4.2,2.5
Craig Brackins,21,2010,117,154,27,87,18,13,112,189,35,3,67,206,69,25,38,528,32,82,94.2,35.1,21.3,68,6.5,6.4,0,1941,123,2,-2.4,3
Jared Sullinger,21,2012,175,228,16,40,102,54,94,132,16,1,116,224,46,43,39,647,37,81,99.4,30.4,19.9,71,8.2,20.4,0,1872,6603,5,1.3,1.4
Gorgui Dieng,21,2013,73,112,0,0,48,30,54,76,23,3,113,197,66,44,83,323,33,83,91.6,31.1,23.1,59,8.3,21.5,0,1674,12606,10,-2.1,1.1
Mitch McGary,21,2014,16,24,0,2,14,6,13,17,3,0,23,43,12,15,6,76,8,82,94.6,24.6,21.5,13,4.7,14.1,0,324,562,2,-1.1,2.7
Justin Anderson,21,2015,64,82,47,104,26,19,12,39,18,3,17,88,45,17,14,317,26,78,90.2,27.8,21.1,31,6,20.6,0,1064,3417,6,-3.1,1.7
Grayson Allen,21,2018,108,127,102,276,20,26,41,52,18,0,20,103,172,64,2,572,37,77,95,35.6,22.3,79,7.2,17.9,0,2317,12210,8,-1.4,1.1
DeAndre' Bembry,21,2016,117,178,34,128,110,53,66,111,29,1,51,228,161,51,30,627,36,78,56,37.2,21.6,73,3.5,9.2,0,2352,5629,6,-3.2,1.4
Brandon Clarke,21,2019,109,157,4,15,132,48,61,57,60,1,114,203,69,43,111,627,37,80,0,28.1,22.3,57,4.3,22.3,0,1850,6765,7,0.6,1.4
Tyrese Maxey,21,2020,100,120,33,113,64,35,46,83,7,3,12,121,97,27,12,433,31,75,98.2,34.5,19.2,67,4.6,10.7,0,1820,14030,6,1.7,1.2
Christian Braun,21,2022,99,135,51,132,97,73,33,57,27,0,56,205,111,39,33,564,40,78,74.2,34.4,20.8,81,8.4,16.4,0,2386,7790,4,-0.1,1.4
Keon Johnson,21,2021,71,101,13,48,38,34,45,62,15,5,28,66,67,30,11,304,27,77,96.6,25,18.9,71,5.7,10.7,0,1162,3100,4,-3.6,1.9
Noah Clowney,21,2023,72,111,34,120,50,28,12,13,27,3,75,210,30,21,34,352,36,82,85.4,25.4,18.5,46,7.7,17.5,0,1665,3196,3,-0.1,1.9
Yves Missi,21,2024,83,134,0,0,57,41,20,37,59,8,86,98,13,19,50,354,33,84,92.6,23,19.7,39,8.7,13.3,1,1262,3265,2,-2.3,1.8
Will Riley,21,2025,84,116,47,144,59,36,41,71,8,0,42,103,78,9,10,441,35,80,96.4,25.7,19,42,8.7,14.4,1,1616,1619,1,0.1,2.3
Kenneth Faried,22,2011,136,235,0,0,93,64,45,65,70,4,184,276,33,61,70,552,32,80,0,35.2,21.2,85,-1.1,4.1,0,1792,11938,8,0.4,1.2
Elliot Williams,22,2010,194,256,60,164,68,51,20,52,30,3,25,110,128,45,4,610,34,77,84.8,33.3,20.3,100,3.1,10.5,0,1893,1471,4,-4.5,2.2
Mason Plumlee,22,2013,173,254,0,0,86,50,52,89,83,9,99,260,70,36,52,615,36,82,94.8,34.7,22.9,103,7.9,17.2,0,2129,19802,13,-0.1,0.9
Fab Melo,22,2012,38,60,0,0,33,24,20,45,45,6,80,95,21,15,88,234,30,84,97.4,25.4,21.6,43,5.9,16.7,0,1248,37,1,-0.7,3.1
Jordan Adams,22,2014,158,189,52,146,93,38,63,92,0,0,67,125,84,95,5,626,36,77,87.4,30.1,19.5,54,5.1,12.8,0,1900,258,2,0.4,2.9
Bobby Portis,22,2015,115,156,14,30,117,51,87,142,32,4,133,188,42,39,50,629,36,82,96.8,29.9,20,56,5.3,10.4,0,1878,17599,11,-1.3,0.9
Chandler Hutchison,22,2018,158,216,43,123,89,47,41,91,26,3,26,204,104,45,8,599,30,79,77.8,31,21.7,101,2.1,8.3,0,1649,1842,4,-3.5,2.1
Malachi Richardson,22,2016,113,157,79,224,42,37,26,78,5,0,19,139,77,43,10,496,37,78,93.4,34.4,20.1,79,7.1,10.5,0,2061,627,3,-2.3,2.6
Jarrett Allen,22,2017,84,149,0,7,53,37,81,89,45,3,100,178,26,19,51,442,33,83,96.8,32.2,18.7,84,8.8,5.3,0,1820,18129,9,3.1,1.1
Grant Williams,22,2019,211,258,14,44,86,42,106,105,23,0,80,191,114,41,54,677,36,79,62,31.9,20.2,81,6.7,15.2,0,1986,10473,7,-1.2,1.2
Zeke Nnaji,22,2020,152,200,5,17,91,60,49,59,34,4,99,177,27,23,28,515,32,83,92.2,30.6,19,70,5.4,13.4,0,1714,3686,6,-2.1,1.7
Walker Kessler,22,2022,53,89,10,50,62,37,12,26,79,2,89,184,30,37,153,389,34,85,96,25.6,20.5,38,5.7,14,0,1541,5014,4,2.5,1.6
Isaiah Jackson,22,2021,63,90,0,2,32,24,19,35,23,2,53,112,18,19,65,211,25,82,94.4,20.6,19,38,7,6.3,0,908,3504,5,1.1,1.7
DaRon Holmes II,22,2024,206,289,32,83,69,46,45,82,71,3,55,226,86,31,68,672,33,82,91,32.4,21.4,74,4.5,10.2,0,1730,196,1,-0.5,3
Dariq Whitehead,22,2023,23,29,42,98,22,19,17,37,2,2,12,55,27,21,6,231,28,78,99.8,20.7,18.5,37,4.7,11.7,0,940,497,3,-0.8,2.9
Drake Powell,22,2025,35,54,36,95,39,20,17,28,10,2,26,99,40,26,25,275,37,78,97.8,25.6,19.4,27,7.6,11.1,0,1665,1363,1,-1.6,2.4
Trevor Booker,23,2010,101,171,9,34,106,49,40,95,33,4,89,179,81,43,45,486,32,79,49.8,30.8,22.3,62,6.9,13.2,0,1716,10969,8,-2.1,1.2
Solomon Hill,23,2013,95,124,57,146,41,27,48,69,12,2,61,126,95,40,20,468,35,79,91.8,33,21.9,77,5.7,13.8,0,1922,10060,9,-1.7,1.2
John Jenkins,23,2012,128,153,134,305,46,17,36,53,1,0,16,85,42,29,11,696,35,75,95.4,33.6,20.9,55,6.6,12.4,0,1924,2244,6,-4,2
Rodney Hood,23,2014,109,135,71,169,33,25,73,95,14,2,29,109,75,25,9,562,35,80,94.4,32.9,21.2,54,6.6,14.7,0,1869,11751,8,-1.8,1.1
Rondae Hollis-Jefferson,23,2015,145,205,6,29,51,33,41,78,40,3,77,183,59,44,32,427,38,79,97.2,28.7,20.1,59,5.6,19.9,0,1801,6873,6,-0.3,1.4
Aaron Holiday,23,2018,159,192,88,205,82,65,38,66,4,0,17,104,192,42,8,671,33,73,89.4,37.7,21.3,125,4.3,7.1,0,2217,8289,8,-1,1.3
OG Anunoby,23,2017,27,48,14,45,22,12,5,9,27,2,28,59,23,21,21,177,16,80,41.4,25.1,19.4,26,4.8,9.4,0,707,18688,9,0.9,1
David Roddy,23,2022,102,147,45,103,81,39,64,60,27,4,55,170,86,36,31,579,30,77,19.4,32.9,20.8,70,3.4,8.1,0,1627,2982,4,-3.7,1.8
Kris Murray,23,2023,86,118,66,197,109,57,25,46,17,5,80,150,58,30,34,586,29,80,35.8,34.8,22.4,43,6.7,8.3,0,1735,3671,3,-1.4,1.8
Asa Newell,23,2025,101,135,26,89,80,44,28,47,57,7,110,117,29,33,32,509,33,83,98,29,19.3,37,8.3,10.5,0,1641,489,1,1,2.7
Damion James,24,2010,155,230,36,94,81,40,64,110,29,1,107,243,33,57,40,611,34,79,96.8,30.3,22.3,69,6.8,14.6,0,1881,626,4,-1.3,2.6
Reggie Jackson,24,2011,109,137,71,169,74,51,49,67,25,0,35,111,152,36,18,618,34,75,82.4,34.1,20.8,81,5.6,6.5,0,1854,23782,14,-0.7,0.9
Jared Cunningham,24,2012,193,263,49,146,88,66,25,73,31,4,36,99,100,90,15,628,35,76,73,35.1,20.7,102,2.5,5.8,0,2170,624,4,-1.6,2.6
Shabazz Napier,24,2014,207,238,87,215,67,50,59,106,0,0,38,196,195,73,13,720,40,73,83.8,35.1,22.6,114,6.5,13,0,2288,6029,6,-1.4,1.4
Tim Hardaway Jr.,24,2013,73,105,68,190,43,20,62,113,20,2,8,159,90,25,17,527,37,78,68,34.9,20.9,69,8.4,16.9,0,2060,25291,13,-1.2,0.8
Tyus Jones,24,2015,144,162,47,124,51,36,37,76,0,0,19,118,217,59,3,461,39,73,98.6,33.9,18.7,76,8.2,20,0,2168,15738,11,-0.8,1
Tyler Lydon,24,2017,97,116,49,125,44,27,33,63,25,3,79,215,70,35,49,448,34,81,85.8,36.1,20.8,59,6,8.4,0,2075,89,2,-1,3.1
Ty Jerome,24,2019,67,91,79,198,44,25,55,87,0,0,17,139,202,57,1,502,37,77,91.4,33.9,21.6,61,7.5,21.2,0,1898,4640,7,0.2,1.5
Josh Christopher,24,2021,44,55,18,59,22,11,26,47,10,1,10,61,21,22,8,214,15,77,98,29.7,19.1,26,5.8,2,0,816,2183,3,-3.2,2
Nique Clifford,24,2025,139,179,66,175,79,47,72,85,21,1,53,293,160,43,22,681,36,78,79,35.4,23,93,3.6,9.8,0,2107,1830,1,-1.3,2.3
Olivier-Maxence Prosper,24,2023,111,151,39,115,59,42,14,23,38,2,61,107,24,33,5,450,36,80,80.6,29,20.5,50,5.2,11.8,0,1803,1932,3,-2.7,2.1
Kyshawn George,24,2024,21,27,53,130,20,15,5,17,3,0,14,80,67,27,11,236,31,80,49.2,23,20.1,48,4.5,4.5,1,1248,3164,2,0.3,1.9
Dominique Jones,25,2010,209,282,52,167,91,45,68,110,11,1,37,164,120,56,19,705,33,76,0,37.1,21.3,97,5.4,5.6,0,1985,743,3,-3.2,2.6
Marshon Brooks,25,2011,169,219,67,197,117,68,65,97,27,0,72,153,80,48,39,788,32,77,40.8,36.5,22,98,5.2,3.8,0,2100,3492,5,-3.1,1.8
Reggie Bullock,25,2013,56,73,85,198,34,16,46,52,0,0,69,154,95,42,10,471,34,79,97.2,31.6,21.9,43,6.1,10.5,0,1910,13347,11,-1,1
Tony Wroten,25,2012,154,264,9,56,117,95,55,104,17,3,80,96,130,66,13,559,35,77,96.4,30.3,18.8,132,3.9,7.6,0,1870,3108,4,-3.4,1.8
Brice Johnson,25,2016,144,184,0,0,86,31,111,134,70,3,115,301,58,43,59,678,40,82,91.2,28,21.6,70,7.3,16.5,0,1962,109,2,-1,3
Jarell Martin,25,2015,140,203,14,52,92,69,51,88,45,0,98,207,59,38,23,558,33,81,97.8,35.1,20.7,92,3.8,7.9,0,2020,2999,4,-2.8,1.9
Moritz Wagner,25,2018,74,106,62,158,103,48,24,48,23,0,56,215,32,37,19,555,38,83,76.4,27.6,20.8,54,7.5,14.4,1,1722,6620,8,-1.8,1.4
Nassir Little,25,2019,77,100,14,52,51,37,31,64,35,3,57,109,23,19,19,353,36,78,99.6,18.2,18.9,48,7.4,16.8,0,1247,3719,5,-1.5,1.7
Immanuel Quickley,25,2020,144,156,62,145,23,26,52,84,1,0,16,110,57,27,4,482,30,75,95.8,32.9,20.6,48,5.2,10.7,0,1686,10668,6,2,1.2
Quentin Grimes,25,2021,89,113,100,248,34,29,31,76,8,0,48,123,59,42,9,535,30,77,98.2,32.8,20.7,55,3.2,17,0,1606,8271,5,-0.6,1.3
Marcus Sasser,25,2023,128,151,96,250,48,30,40,60,6,0,13,89,111,58,6,606,36,74,21.2,30.8,22.3,58,3.8,19.3,0,1800,2588,3,-1.6,1.9
Blake Wesley,25,2022,94,141,52,172,64,76,38,60,18,2,23,102,82,43,2,490,34,77,76.8,29.3,18.9,75,4.4,8,0,1648,2587,4,-2.9,1.9
Jase Richardson,25,2025,102,122,47,114,55,26,37,54,5,1,23,96,68,30,11,437,36,75,94,25.4,19.3,30,8.2,15.8,0,1568,543,1,0.6,2.7
Quincy Pondexter,26,2010,187,226,18,51,79,29,114,156,34,1,107,158,63,46,21,695,36,78,94,32.3,22.3,68,5.4,11.4,0,2100,6136,7,-2.6,1.4
Miles Plumlee,26,2012,48,76,0,0,39,21,24,31,26,5,99,143,18,18,32,226,34,82,89.8,20.5,23.4,42,5.9,12.5,0,1189,5616,7,-3.6,1.5
Jordan Hamilton,26,2011,95,122,90,234,54,25,86,139,13,1,72,204,76,31,23,671,36,79,98.8,32.2,20.3,77,6.1,17,0,1960,2120,5,-1.7,2
Andre Roberson,26,2013,54,98,19,58,71,54,20,43,17,3,92,255,44,67,41,337,31,79,69.6,33.4,21.1,74,6.1,8.7,0,1689,7397,7,0.3,1.4
Caleb Swanigan,26,2017,164,210,38,85,92,34,73,116,19,1,96,340,106,15,28,646,35,81,96.4,32.5,19.8,118,6,14.5,0,1988,662,3,-1.9,2.6
Landry Shamet,26,2018,85,103,84,190,45,25,19,30,6,1,14,89,166,23,6,477,32,76,70.6,31.7,20.9,67,4.3,11.5,0,1759,10483,8,-0.5,1.1
Dylan Windler,26,2019,115,135,97,228,85,39,24,33,28,0,62,284,81,46,18,681,32,80,0,33.2,22.3,67,-0.5,8.6,0,1992,1094,4,-2,2.4
Payton Pritchard,26,2020,115,140,88,212,92,61,36,61,0,0,21,113,172,47,1,635,31,74,89.4,36.5,22,85,5.6,11.8,0,1862,10515,6,0,1.3
Nah'Shon Hyland,26,2021,94,109,69,186,62,35,17,36,4,0,4,109,50,45,4,467,24,75,83.8,31.9,20.3,74,3.2,8.4,0,1350,4529,5,0.2,1.6
Ben Sheppard,26,2023,86,124,79,190,84,57,42,67,6,1,19,142,90,43,5,584,31,78,0,34.2,21.5,68,-0.5,2.7,0,1844,4011,3,-1.2,1.7
Wendell Moore Jr.,26,2022,95,118,52,126,80,48,42,61,14,4,47,158,172,53,8,523,39,77,94.4,33.9,20.4,76,5.5,14.7,0,2255,811,4,-2.9,2.5
Dillon Jones,26,2024,164,194,32,101,116,76,53,76,5,0,23,257,152,57,3,602,29,78,0,37,22.2,88,-1.7,1.7,0,1796,626,2,-1.7,2.6
JaJuan Johnson,27,2011,169,209,15,51,26,22,193,202,23,3,82,209,33,30,79,698,34,82,91.6,35.4,21.9,56,7.2,15.8,0,1974,304,1,-2.6,2.9
Jordan Crawford,27,2010,119,154,79,202,94,66,70,113,17,1,34,132,101,47,7,718,35,76,52.8,32.8,21.3,85,5.8,13.2,0,1993,6955,6,-3.2,1.4
Arnett Moultrie,27,2012,124,159,8,18,59,39,51,95,62,4,110,204,35,25,23,492,30,83,0,35.8,21.2,73,4.7,5.6,0,1750,734,2,-1.7,2.6
Larry Nance Jr.,27,2015,113,144,14,41,47,21,69,119,46,4,41,168,71,35,35,466,29,80,0,34.9,22.1,65,1.3,4,0,1510,13525,11,0.1,1.1
Kyle Kuzma,27,2017,81,121,25,78,93,47,36,65,13,0,75,177,66,17,13,443,27,81,62.8,30.8,21.5,58,2.6,8.6,0,1455,19302,9,-3.1,0.9
Pascal Siakam,27,2016,133,194,3,15,98,45,126,165,31,1,128,251,51,32,71,652,32,81,0,35.3,21.8,67,-1.6,4.7,1,1877,24567,10,2.3,0.9
Udoka Azubuike,27,2020,63,143,0,0,34,16,37,36,103,8,104,210,28,15,77,412,30,84,93.6,27.7,20.3,73,8.1,18.1,1,1417,726,4,-2.7,2.5
Robert Williams,27,2018,33,70,0,12,41,19,30,47,68,3,71,206,43,24,75,311,30,82,88,25.6,20.3,52,7.5,9.8,0,1347,6626,8,2.4,1.4
Mfiondu Kabengele,27,2019,137,180,24,65,63,55,33,63,44,4,79,141,11,21,56,489,37,82,46.2,21.5,21.5,48,7.7,12.8,0,1374,379,3,-2.5,2.8
Terrence Shannon Jr.,27,2024,221,276,77,213,96,57,30,47,16,2,26,102,74,33,28,736,32,78,82,33.8,23.5,64,6.8,13.6,0,1895,921,2,-2.4,2.5
Cam Thomas,27,2021,194,220,68,209,49,29,83,127,3,0,18,80,42,25,6,668,29,76,95.4,34,19.3,49,6.3,10.6,0,1786,5843,5,-2.5,1.5
Danny Wolf,27,2025,79,133,38,113,117,72,23,40,8,1,85,275,132,25,50,489,37,84,0,30.5,20.7,120,9.2,12.9,0,1999,1157,1,-0.2,2.4
Nick Smith Jr.,27,2023,37,50,24,71,13,17,35,62,4,0,4,24,29,14,2,213,17,77,99.6,25.8,18.8,27,9.4,11.3,0,783,2462,3,-4.6,2
Greivis Vasquez,28,2010,138,161,67,186,59,46,88,123,4,0,38,113,203,55,11,641,32,78,91.6,34.3,22.3,108,6.5,14.2,0,1923,9869,7,-1.6,1.2
Norris Cole,28,2011,221,259,46,142,108,65,75,151,6,2,26,174,185,74,3,737,34,74,0,36.1,22.3,95,1.8,6.9,0,2023,9040,6,-3.9,1.4
C.J. Wilcox,28,2014,103,118,90,230,45,26,51,70,11,1,22,97,81,32,32,587,32,77,78,34.9,23,54,4.1,2.9,0,1908,389,3,-1.9,2.8
Perry Jones III,28,2012,71,102,10,33,51,37,77,119,41,3,86,161,41,28,19,439,32,83,98.8,30.9,20.4,54,8,13.2,0,1635,1734,3,-3.9,2.1
R.J. Hunter,28,2015,197,222,75,252,54,22,63,102,5,0,26,134,122,73,34,668,34,78,43.6,37,21.3,75,-0.3,7.7,0,2017,441,4,-1,2.7
Jacob Evans III,28,2018,86,114,60,162,39,30,49,84,13,2,50,120,113,47,35,468,36,78,74.2,30.8,20.6,63,3,17.6,0,1819,638,2,-2.8,2.6
Skal Labissiere,28,2016,41,62,0,2,11,14,61,71,26,5,35,78,11,9,59,237,36,83,99.8,15.8,19.8,33,4.6,14.8,1,979,2656,6,-1.4,1.9
Tony Bradley,28,2017,61,99,0,0,56,21,22,49,19,4,95,94,22,10,21,262,37,83,95.2,14.6,19,24,7.2,17.6,0,967,2656,8,0,1.8
Jordan Poole,28,2019,75,90,75,203,56,26,23,54,7,0,8,102,80,40,8,472,37,77,81.6,33,19.6,56,6.8,16.8,0,1987,13213,7,-1.1,1.1
Jaden McDaniels,28,2020,87,114,43,127,22,26,55,86,16,4,34,145,64,24,39,402,31,81,98.6,31,19.3,100,4.9,7.8,0,1695,13771,6,0.3,1.2
Jaden Springer,28,2021,81,100,20,46,46,25,37,69,4,1,26,62,73,30,12,313,25,76,97.2,25.9,18.4,60,4.9,10.7,0,1120,997,4,-0.5,2.4
Patrick Baldwin Jr.,28,2022,26,35,17,64,11,13,14,26,3,0,10,53,17,9,7,133,11,81,98.8,28.5,19.1,23,-2,-9.7,0,542,948,4,-0.6,2.4
Ryan Dunn,28,2024,41,77,7,35,53,40,18,24,36,2,76,159,26,43,77,276,34,80,75,27.4,21,28,4.5,6.3,0,1425,2698,2,-1.2,2
Brice Sensabaugh,28,2023,83,100,60,148,43,37,85,87,9,1,42,135,38,18,13,537,33,78,87.4,24.5,19.2,67,6.4,8.5,0,1337,3826,3,-1.2,1.8
Daniel Orton,29,2010,33,63,0,2,18,9,17,29,13,3,45,81,15,21,53,129,38,83,96.6,13.2,19.3,38,5,16.6,0,880,556,3,-1.6,2.7
Cory Joseph,29,2011,51,73,52,126,34,38,49,74,1,0,23,105,109,37,11,375,36,75,98,32.4,19.4,54,6.1,17,0,1972,19496,14,-1.4,0.9
Josh Huestis,29,2014,64,102,26,77,34,24,64,114,32,1,91,204,43,21,69,402,36,79,62.8,35.2,22.1,43,6.1,9.1,0,2117,1088,3,-1.1,2.4
Marquis Teague,29,2012,85,119,26,80,79,69,33,84,7,0,17,84,191,37,11,401,40,74,99,32.6,18.9,109,6.1,20.3,0,2158,963,3,-2.8,2.4
Archie Goodwin,29,2013,135,212,17,64,81,65,34,82,25,5,48,104,88,36,15,466,33,76,97.2,31.8,18.4,101,4.8,10.1,0,1753,2397,4,-4.1,1.9
Chris McCullough,29,2015,40,71,1,1,24,21,19,36,11,3,36,74,18,27,33,149,16,82,96,28.1,19.8,35,1.9,8.8,0,744,541,3,-0.3,2.7
Dejounte Murray,29,2016,110,166,34,118,86,63,68,133,14,3,48,155,152,62,10,548,34,76,90.4,33.5,19.3,110,5.4,6.2,0,2215,15540,9,1.2,1
Derrick White,29,2017,140,174,57,142,89,46,51,64,7,0,34,101,144,41,48,597,33,77,0,32.8,22.6,79,3.8,6,0,1860,19132,9,2.6,1
Malachi Flynn,29,2020,118,138,74,201,59,28,47,74,1,0,19,119,156,54,3,546,31,73,41.6,33.5,21.7,55,1.8,14.6,0,1730,3100,5,-3.6,1.8
Keldon Johnson,29,2019,109,155,45,118,53,43,58,81,16,4,49,168,61,28,6,498,37,78,97.6,30.7,19.3,60,7,16.3,0,1905,12441,7,-0.5,1.2
Day'Ron Sharpe,29,2021,51,101,0,2,70,59,22,42,20,1,98,122,42,23,26,275,29,83,97.4,19.2,19.2,57,4.6,8.7,0,993,3932,5,1.7,1.7
Julian Strawther,29,2023,103,130,79,195,52,36,48,61,7,0,27,198,48,30,16,551,36,79,87.2,31.2,20.8,55,5.7,12.6,0,2025,2897,3,-2.6,1.9
Tyty Washington Jr.,29,2022,48,64,36,103,32,23,82,95,2,0,20,87,121,40,6,388,31,75,97.6,29.1,20.2,51,4.8,15.5,0,1574,698,4,-1.8,2.6
Isaiah Collier,29,2024,105,156,27,80,89,59,32,48,6,0,17,61,115,40,6,440,27,77,100,29.8,19.3,89,5.6,4.4,0,1406,3330,2,-1.8,1.9
Liam McNeeley,29,2025,110,127,46,145,47,54,21,39,4,0,25,136,61,15,6,392,27,79,96.6,32.1,19.3,50,5.4,12.7,0,1406,358,1,1.6,2.8
Lazar Hayward,30,2010,107,127,65,186,82,46,65,125,10,0,72,184,52,64,18,616,34,78,85.2,32.3,22.3,67,6.4,11.7,0,1755,614,3,-4.1,2.6
Festus Ezeli,30,2012,84,139,0,0,47,27,11,48,31,1,62,92,8,11,52,262,26,83,77,23.2,22.3,58,8.6,12.4,0,964,2890,3,-2.9,1.8
Jimmy Butler,30,2011,188,240,20,58,89,52,61,105,17,0,90,135,86,53,13,582,37,78,0,34.6,21.4,54,6.9,10.4,0,2166,34497,15,5.3,0.8
Kyle Anderson,30,2014,137,186,28,58,49,32,97,132,7,0,45,270,233,64,27,527,36,81,99.6,33.2,20.3,110,5.4,12.8,0,2099,17375,12,-0.2,0.9
Damian Jones,30,2016,90,168,0,3,87,41,59,79,38,5,74,153,38,8,54,458,33,84,82.8,26.2,20.6,65,6.2,11.8,0,1486,3774,8,-4.5,1.6
Josh Hart,30,2017,127,170,74,183,94,45,48,72,20,1,51,179,106,56,10,673,36,77,84.4,33.2,21.9,71,5.9,17.9,0,1952,19422,9,0.5,1
Kevon Looney,30,2015,92,147,22,53,76,56,29,82,24,0,122,209,51,46,32,416,36,81,98,30.9,18.9,45,5.9,7.2,0,1866,12259,11,1,1.1
Desmond Bane,30,2020,44,56,87,198,63,39,37,83,0,0,45,152,120,46,16,514,31,78,0,36.1,21.6,72,6.2,4.4,0,1840,12761,6,1.5,1.2
Omari Spellman,30,2018,49,70,65,150,33,35,36,45,26,9,90,231,30,26,59,434,40,80,96.2,28.1,20.5,40,6.8,19.5,0,1965,1676,2,-2.1,2.1
Kevin Porter Jr.,30,2019,24,46,28,68,16,12,13,28,17,3,20,64,30,17,11,200,21,78,94.6,22.1,18.7,39,3.8,4.9,0,816,8719,6,-0.5,1.3
Kobe Brown,30,2023,99,125,51,112,78,50,30,45,35,1,61,155,85,50,15,538,34,80,50.2,29.5,23.1,56,4.8,6.9,0,1736,1670,3,-4.4,2.2
Santi Aldama,30,2021,59,86,32,87,57,27,35,46,11,0,31,141,39,17,29,361,17,83,87.2,35,20.1,55,-0.3,1.4,1,1017,6671,5,-0.3,1.4
Baylor Scheierman,30,2024,99,113,110,289,59,37,42,52,8,2,26,289,138,32,5,647,35,79,0,36.8,23.3,78,6.4,13.5,0,2173,1812,2,-0.6,2.2
Peyton Watson,30,2022,22,32,7,31,14,26,14,27,3,3,29,63,24,19,18,105,32,80,98.2,12.7,19.3,30,3.5,14.3,0,687,5204,4,-2.1,1.6
Yanic Konan Niederhauser,30,2025,87,131,1,11,68,50,16,25,58,6,60,124,22,19,67,374,29,84,0,25.1,21.8,48,5.1,8,1,1296,409,1,0.3,2.8
Jeff Taylor,31,2012,95,157,66,156,86,52,34,74,24,0,77,123,62,46,16,581,36,79,90.6,32.1,22.7,79,6.8,12.4,0,1892,,,,
Allen Crabbe,31,2013,113,139,64,184,47,28,90,103,14,2,33,167,87,37,23,607,33,78,87,36.2,20.8,83,5.9,7.5,0,1984,9505,7,-2.1,1.2
Deyonta Davis,31,2016,23,38,0,0,37,33,32,45,50,1,72,119,26,9,64,261,35,82,95,18.6,19.1,30,4.4,17.7,0,1083,1323,3,-1,2.3
Frank Jackson,31,2017,77,102,51,129,56,30,22,40,4,0,23,67,61,20,2,394,36,75,97.6,24.9,18.7,49,7.5,15.1,0,1573,3881,5,-2,1.7
Nic Claxton,31,2019,123,192,18,64,39,30,41,82,39,3,72,202,58,34,81,415,32,83,54,31.6,19.8,67,5.2,0.7,0,1766,10263,7,-1,1.3
Andrew Nembhard,31,2022,48,55,51,133,45,29,42,58,2,1,14,94,184,51,4,379,32,77,95.6,32.2,22,62,4.6,18.9,0,1885,8656,4,-0.9,1.5
Tyrell Terry,31,2020,98,110,62,152,54,38,27,58,4,0,11,128,99,43,2,454,31,73,78.2,32.5,19.3,82,3.3,8.5,0,1729,62,2,-0.1,3.1
Rasheer Fleming,31,2025,75,101,62,159,78,50,5,17,43,2,72,227,44,49,54,513,35,81,0,31.2,20.5,54,1.3,5.7,0,1863,634,1,1.6,2.7
Jonathan Mogbo,31,2024,71,102,0,2,86,52,26,57,86,8,111,225,119,52,27,470,33,81,0,28.9,22.2,58,0.1,7.7,0,1652,1509,2,-2.3,2.3
Dexter Pittman,32,2010,75,135,0,0,65,36,35,36,40,2,101,98,17,12,63,355,34,82,76.6,19.1,22.3,60,5.7,14.6,0,1193,364,4,-1.9,2.8
Justin Harper,32,2011,94,118,77,172,91,28,62,89,15,2,62,194,43,23,45,661,37,82,0,31.8,21.4,56,2.8,10.4,0,1855,155,3,-2.5,3
K.J. McDaniels,32,2014,154,183,42,138,53,42,57,102,57,5,86,169,57,41,100,614,36,77,55.4,33.7,21,83,4.7,8.4,0,1810,2123,3,-2.5,2
Montrezl Harrell,32,2015,114,191,9,37,74,38,56,92,74,4,111,210,49,33,42,549,35,80,84,35.1,21,69,7.8,14.3,0,1994,10993,8,0.1,1.2
Davon Reed,32,2017,90,108,79,199,46,32,27,54,9,2,28,130,80,43,16,491,33,78,77.6,35.3,21.6,67,6.3,9.4,0,1880,1300,4,-3,2.3
Jevon Carter,32,2018,133,155,77,196,66,77,70,97,2,0,29,143,246,112,13,640,37,74,40.4,35.4,22.4,98,6,14,0,2308,7296,8,-1.9,1.3
KZ Okpala,32,2019,116,173,32,87,72,70,45,71,21,1,34,131,58,29,15,488,29,81,91.8,32.7,19.7,83,3.1,2.6,0,1696,965,4,-1.6,2.4
Jalen Pickett,32,2023,90,118,45,118,93,45,122,134,0,0,43,231,243,35,19,655,37,76,0,36.5,23.3,84,6.4,8.4,0,2173,1619,3,-1.9,2.2
Vernon Carey Jr.,32,2020,146,218,8,21,114,82,30,47,47,4,83,189,30,22,49,552,31,82,99,24.8,18.9,63,5.1,16.1,0,1401,195,3,-0.8,3
Jeremiah Robinson-Earl,32,2021,60,84,23,82,65,30,44,66,23,2,62,150,55,24,16,393,25,81,97,34.5,20.2,40,4.9,10.7,0,1409,3837,5,-3,1.7
Caleb Houstan,32,2022,65,83,60,169,36,31,11,35,2,0,27,108,46,25,8,343,34,80,98.4,32,19,52,7.5,9.1,0,1833,2513,4,-0.4,1.9
Kyle Filipowski,32,2024,112,167,39,112,119,80,37,60,25,2,78,217,100,42,53,591,36,84,99.4,30.4,20.2,76,5.5,15.1,0,1835,3355,2,1.2,1.9
Kyle Singler,33,2011,125,155,62,193,76,33,77,126,4,0,88,165,60,34,12,625,37,80,99,34.8,22.7,70,6.6,19.2,0,2255,7818,6,-2.5,1.4
Hassan Whiteside,33,2010,101,170,3,5,37,29,66,111,40,1,86,190,7,17,163,396,31,84,0,26.5,19.3,59,2.6,6.7,0,1429,13070,10,1.5,1.1
Joe Harris,33,2014,73,114,72,180,54,25,22,55,1,1,22,87,84,35,8,443,37,78,73.8,28.8,22.4,48,6.1,15.9,0,1606,12926,10,-1.3,1.1
Bernard James,33,2012,64,116,0,0,78,61,25,39,54,2,107,176,16,26,82,378,35,82,14.2,28,27,73,6.2,11.1,0,1646,769,3,-2.7,2.5
Carrick Felix,33,2013,81,122,52,139,78,56,25,42,34,4,73,212,57,50,39,511,35,78,0,35.3,22.4,70,3.6,5.9,0,2075,40,1,-0.8,3.1
Jordan Mickey,33,2015,95,147,1,9,84,62,73,116,33,2,99,209,40,29,113,478,31,80,92.6,34.9,20.5,101,3.9,7.9,0,1874,514,3,-2.1,2.7
Wes Iwundu,33,2017,122,159,32,85,76,41,31,62,12,5,36,185,121,35,12,456,35,79,61.2,31.4,22.1,81,7.4,9.9,0,1846,3949,5,-2.3,1.7
Cheick Diallo,33,2016,15,27,0,0,6,4,16,19,11,2,17,51,1,7,23,81,27,81,99.2,7.5,19.3,17,4,17.2,0,346,2216,5,-3,2
Jalen Brunson,33,2018,130,162,86,211,95,41,83,80,6,0,12,110,184,37,1,756,40,74,95.8,31.8,21.4,71,6.8,19.5,0,2221,18894,8,1.3,1
Carsen Edwards,33,2019,185,221,135,380,91,88,49,89,2,5,14,116,104,48,10,874,36,73,76.6,35.4,20.9,113,8.3,15.4,0,2097,725,3,-2.8,2.5
Jason Preston,33,2021,28,47,30,78,57,27,28,40,2,0,20,118,138,28,5,298,19,76,0,34.5,21.5,57,1.8,5.7,0,1176,200,2,-0.9,3
Daniel Oturu,33,2020,128,181,19,52,129,59,56,88,34,5,116,233,33,17,76,623,31,82,90.2,34,20.3,88,7.3,9.4,0,1763,197,2,-1.1,3
Christian Koloko,33,2022,100,136,0,3,61,42,38,51,84,9,95,175,51,28,102,466,37,85,63,25.4,21.6,59,4.3,16.3,1,1707,1494,3,-0.2,2.2
Sion James,33,2025,81,100,31,75,56,49,8,10,17,2,29,134,115,32,10,336,39,78,16.2,25.5,22.2,47,6.9,23.6,0,1652,1791,1,1,2.3
Armon Johnson,34,2010,79,115,17,70,77,40,109,125,7,2,26,84,182,28,12,516,33,75,0,34.8,21.3,111,3.3,5.6,0,2019,411,2,-1.9,2.8
Shelvin Mack,34,2011,120,156,85,242,57,36,48,94,2,0,27,139,129,27,3,589,37,75,41.4,32.2,20.8,91,3.8,9.5,0,1914,8708,8,-2.8,1.2
Isaiah Canaan,34,2013,149,181,91,245,48,41,63,76,3,2,15,85,124,46,4,650,29,73,0,37.1,21.7,96,-1.1,2.9,0,1794,4843,6,-3.3,1.5
Jae Crowder,34,2012,119,162,61,177,120,43,28,60,8,0,70,224,73,88,35,614,35,78,0,32.9,21.5,44,6.4,13,0,2034,23347,13,0.5,0.8
Anthony Brown,34,2015,116,146,79,179,50,37,39,94,8,1,42,214,94,28,7,547,37,78,87.4,35.7,22.3,72,5.2,9.1,0,2156,764,3,-1.3,2.5
Cleanthony Early,34,2014,144,171,64,170,57,24,41,60,19,1,45,165,25,27,28,570,35,80,0,27.5,22.8,67,1.7,15.5,0,1549,802,2,-2.7,2.5
Devonte' Graham,34,2018,167,202,110,271,53,71,35,68,1,0,24,133,282,62,2,675,39,74,80.4,37.8,22.9,109,8,14.2,0,2581,8355,6,-1,1.3
Tyler Ulis,34,2016,167,195,55,160,47,35,90,110,0,0,19,86,246,51,4,606,35,69,96.4,36.8,20.1,69,6.3,14.8,0,2193,2765,3,-0.8,1.9
Frank Mason III,34,2017,189,238,82,174,106,84,52,75,1,0,22,128,187,47,2,753,36,71,76.6,36.1,22.8,86,8.3,16.1,0,2318,1606,4,-3.2,2.2
Bruno Fernando,34,2019,113,145,3,10,72,46,46,55,52,4,100,262,68,22,64,462,34,82,82.8,30,20.4,95,7.3,10.9,1,1687,2324,6,-3.3,1.9
Ryan Kalkbrenner,34,2025,109,160,21,61,114,49,29,47,107,8,84,219,54,19,93,672,35,85,76.4,34.4,23,51,7.6,10.6,0,2033,1463,1,0.3,2.4
Colby Jones,34,2023,81,124,45,119,91,62,62,63,9,1,45,161,158,47,20,540,36,78,74.8,34,20.7,84,6.5,10.2,0,2195,712,3,-1,2.6
Tyler Kolek,34,2024,80,94,47,121,98,70,29,33,0,0,22,131,239,49,5,475,31,75,0,33,22.8,89,6.3,12.6,0,1786,997,2,-0.9,2.4
Jaylin Williams,34,2022,102,140,17,71,73,50,36,57,14,1,56,308,95,48,41,403,37,82,84.6,31.6,19.6,67,6.7,11.6,0,2098,4134,4,1.5,1.7
Draymond Green,35,2012,125,173,52,134,88,63,59,114,13,1,79,314,141,54,36,601,37,79,86.4,33.2,21.9,112,7.9,17.9,0,1996,32950,14,3.4,0.9
Tyler Honeycutt,35,2011,78,106,55,152,40,38,32,73,17,3,50,188,93,29,68,421,33,80,94,35,20.5,100,6,8,0,1920,124,2,-0.9,3
Jarnell Stokes,35,2014,156,226,0,0,116,66,56,102,25,1,151,233,71,25,32,548,36,80,92,32.7,20.1,77,5.7,13.4,0,1846,151,3,0,3
Melvin Frazier,35,2018,84,118,35,91,95,52,13,31,36,3,35,133,86,63,22,477,30,78,63.8,34.4,21.4,77,1.1,-0.7,0,1794,309,3,-3.1,2.9
Ivan Rabb,35,2017,124,187,8,20,65,46,57,102,21,1,94,231,48,21,31,434,31,83,98.8,32.6,20,67,4.7,7.5,0,1670,1225,2,-1.1,2.3
Xavier Tillman,35,2020,82,123,13,50,101,45,23,48,28,5,83,237,94,37,65,425,31,80,77.8,32.1,21,61,6.8,14.9,0,1717,4753,6,-0.9,1.6
Herbert Jones,35,2021,93,130,20,57,77,84,10,37,22,3,82,135,108,57,37,371,33,80,70.6,27.3,22.3,93,6.2,13.2,0,1671,9272,5,2.6,1.4
Johni Broome,35,2025,118,201,25,90,140,96,69,90,29,2,132,257,104,34,76,669,36,82,0,30.2,22.5,57,11.5,20.5,0,1878,54,1,-1.3,3.1
Max Christie,35,2022,61,74,39,123,14,24,50,72,9,1,30,91,51,18,17,324,35,78,96.6,30.8,18.9,52,6.7,8.5,0,1833,5821,4,-1.7,1.5
Julian Phillips,35,2023,97,118,11,46,40,34,15,41,13,3,57,93,46,20,17,266,32,80,97.6,24,19.2,41,4.8,17.1,0,1271,1851,3,0.3,2.1
Johnny Furphy,35,2024,62,81,44,122,33,10,6,18,11,1,42,115,32,28,11,289,32,81,86.4,24.1,19.2,27,8.6,10.3,1,1356,1015,2,0.3,2.4
Orlando Johnson,36,2012,124,174,67,157,47,29,71,115,8,0,41,125,85,30,20,577,29,77,0,34.5,22.9,71,0,4.7,0,1612,1137,3,-3,2.4
Jordan Williams,36,2011,131,228,0,0,131,89,45,88,37,5,121,267,21,23,45,557,33,82,82.4,32.5,20.3,53,4.8,11.5,0,1920,641,1,0.3,2.7
Ray McCallum,36,2013,138,193,39,123,99,62,35,69,23,0,41,119,138,61,18,571,31,73,95,37.3,21.6,63,2.2,6.3,0,2013,2782,3,-3.1,1.9
Johnny O'Bryant III,36,2014,118,186,1,2,79,56,102,147,20,2,102,160,55,17,31,525,34,81,92.2,30,20.6,108,4.6,6.9,0,1785,1672,4,-5.2,2.1
Rakeem Christmas,36,2015,136,191,0,1,93,44,64,118,46,3,96,183,47,29,77,542,31,81,95.6,34.3,23.1,78,6,8.8,0,1752,227,2,-2.5,2.9
Malcolm Brogdon,36,2016,140,156,75,192,84,48,66,108,5,0,19,131,115,35,9,675,37,77,80.6,34.1,23.1,52,8,17.2,0,1942,14534,9,0.8,1
Cody Martin,36,2019,74,97,34,95,59,28,44,57,14,1,31,120,165,46,24,410,34,79,85.6,34.4,23.3,64,1.9,12.4,0,2063,5728,7,-1,1.5
Tyler Bey,36,2020,136,183,13,31,52,38,45,64,30,4,62,218,46,48,35,429,31,79,74.2,29,21.9,75,4.9,10.1,0,1524,73,1,-2.1,3.1
Miles McBride,36,2021,100,123,46,111,35,29,67,113,8,0,34,79,141,55,9,458,29,74,40.2,34.2,20.4,53,6.6,10.1,0,1742,5747,5,0.9,1.5
Andre Jackson Jr.,36,2023,31,48,25,89,23,19,15,31,29,7,67,156,169,39,18,240,36,78,90.4,29.1,21.2,71,6.7,17.4,0,1776,2010,3,-3.4,2.1
Adou Thiero,36,2025,120,175,11,43,42,38,40,42,45,3,48,109,51,44,20,407,27,78,67.2,27.5,20.7,46,7.2,10.9,0,1301,151,1,0,3.1
Quincy Acy,37,2012,132,170,3,5,47,33,36,72,62,7,96,180,37,34,67,431,37,79,60.8,29.9,21.3,71,6.4,13.2,0,1853,5358,7,-2.3,1.5
Darington Hobson,37,2010,130,199,39,108,101,67,37,106,16,3,75,250,160,44,15,555,35,79,71,33.6,21.3,104,3.5,10,0,1985,39,1,-1.3,3.1
Tony Mitchell,37,2013,97,145,28,97,46,21,27,82,34,2,74,181,22,30,82,395,30,80,97,32.8,20.8,75,-1.4,-4.3,0,1649,,,,
Richaun Holmes,37,2015,101,142,18,43,62,47,32,50,45,1,86,155,25,21,79,444,30,80,0,28.8,21.3,58,-0.1,3.9,0,1367,9301,10,-1.1,1.2
Semi Ojeleye,37,2017,172,219,73,172,56,42,53,72,28,6,80,160,53,15,14,665,35,79,94.8,34.1,22.1,50,3,15.2,0,1897,4474,5,-4.5,1.6
Chinanu Onuaku,37,2016,33,56,0,1,44,26,56,54,37,3,91,172,51,24,62,307,31,82,86.6,24.6,19.2,65,5.5,16,0,1255,76,2,-0.6,3.1
Gary Trent Jr.,37,2018,85,97,97,241,34,23,40,84,6,0,31,126,52,43,5,536,37,78,96.8,33.8,19,38,7.1,17.9,0,2197,13541,8,-1.8,1.1
Hunter Tyson,37,2023,93,111,83,205,42,22,29,42,18,1,44,280,50,32,4,520,34,80,49.2,34.7,22.6,35,1.9,6.9,0,2012,660,3,-3.1,2.6
Chaz Lanier,37,2025,75,99,123,311,38,23,74,107,8,3,19,129,40,34,5,684,38,77,0,31.4,23.1,42,9,18.1,0,1929,256,1,-1.2,2.9
JT Thor,37,2021,63,85,22,74,24,19,18,32,20,4,44,92,23,22,37,253,27,82,90.2,23.3,18.4,42,6.3,5.9,0,1146,2252,4,-1.6,2
Chandler Parsons,38,2011,54,97,43,117,67,29,23,62,22,3,74,205,136,34,15,407,36,82,94.4,34.1,22.3,81,6.6,12.9,0,1960,13608,9,-0.3,1.1
Andy Rautins,38,2010,66,81,98,241,13,10,16,14,1,0,18,100,171,69,8,424,35,76,0,32.5,22.3,98,7,17.1,0,2002,25,1,-1.4,3.1
Nate Wolters,38,2013,182,221,62,163,96,51,71,96,0,0,33,138,180,55,4,702,31,75,0,38.5,21.7,75,-1.8,4.5,0,1888,1568,3,-1.5,2.2
Spencer Dinwiddie,38,2014,102,119,26,63,21,19,10,13,4,0,8,44,64,26,4,250,17,78,73.8,31.1,20.7,30,3.6,5.8,0,907,17831,11,-0.2,0.9
Darrun Hilliard,38,2015,82,103,79,204,42,34,37,56,12,1,16,93,74,63,12,501,35,78,45.4,28.8,21.8,42,5.5,18.6,0,1636,858,3,-1.5,2.5
Quincy Miller,38,2012,92,112,24,67,38,29,61,95,14,1,54,123,49,23,22,390,36,81,99.2,24.4,19.2,64,6.4,13.2,0,1479,942,3,0.6,2.4
Patrick McCaw,38,2016,80,104,62,176,56,34,23,36,13,1,34,127,120,75,13,450,31,79,60.6,34.2,20.2,65,2,2.7,0,1953,3624,5,-3.5,1.7
Jordan Bell,38,2017,77,111,2,13,81,42,36,39,50,5,109,224,68,48,86,416,38,81,80.2,28.8,22.1,73,5.8,14.9,0,1890,2215,5,-0.8,2
Khyri Thomas,38,2018,67,85,62,149,65,26,32,42,20,0,34,106,89,54,8,482,32,75,35,31.7,21.7,57,6.2,10.4,0,1856,422,3,-1.3,2.7
Saben Lee,38,2020,155,206,39,121,113,85,24,42,24,5,18,95,134,49,9,594,32,74,79.2,32.8,20.6,99,4.7,-0.8,0,1835,1932,4,-1,2.1
Daniel Gafford,38,2019,114,193,0,0,96,37,31,68,86,5,91,186,23,29,63,540,32,83,92.4,28.7,20.3,76,5.5,6.8,0,1641,9243,7,0,1.2
Ayo Dosunmu,38,2021,112,143,32,83,103,61,65,109,10,0,31,146,147,31,6,564,28,77,93.8,35.1,21,93,6.2,15.3,0,1740,9779,5,-1.7,1.3
Ajay Mitchell,38,2024,153,178,30,80,89,62,61,77,2,0,7,102,107,32,10,540,27,77,0,31.5,21.6,69,-1.7,-2,1,1487,2102,2,1.8,2
Kam Jones,38,2025,57,88,64,206,157,88,45,55,0,0,22,130,200,47,9,653,34,76,67.2,33.8,22.9,63,7.2,12.3,0,1957,578,1,-2.2,2.8
Kennedy Chandler,38,2022,60,99,49,128,95,70,29,61,9,0,23,87,161,74,8,473,34,72,98.6,30.8,19.4,85,7.3,15.7,0,1793,653,2,-1.5,2.7
Jordan Walsh,38,2023,47,66,20,72,39,29,18,36,17,5,43,98,33,40,17,255,36,79,96.4,24.4,18.9,37,7.2,11.3,0,1538,1712,3,1.1,2.2
Landry Fields,39,2010,179,257,29,86,99,55,93,140,27,5,81,199,89,51,25,704,32,79,51.2,36.2,22.3,83,4.8,3.5,0,1954,6202,5,-0.2,1.5
Jeff Withey,39,2013,137,192,1,1,89,59,45,70,50,4,79,236,35,28,146,508,37,84,94.6,30.9,22.9,73,5.8,16.7,0,1939,2094,5,-0.8,2
Khris Middleton,39,2012,39,52,19,74,22,14,53,68,2,1,26,71,41,18,5,250,19,79,79.8,29.1,20.5,41,7.7,2.9,0,864,28052,14,1.6,0.9
Jerami Grant,39,2014,120,178,0,5,60,36,45,90,28,5,78,139,44,26,18,386,32,80,90.6,31.4,19.9,37,5.9,12.3,0,1494,22526,12,-1.9,0.9
Jawun Evans,39,2017,145,180,35,93,93,98,76,106,0,0,23,83,198,55,4,594,31,73,94.8,29.2,20.3,87,8.5,12.3,0,1630,849,2,-1.1,2.5
Elijah Hughes,39,2020,135,166,78,228,45,20,63,95,12,1,13,145,109,37,26,609,32,78,60.2,36.7,21.9,73,4.6,7.9,0,2001,506,2,-4.2,2.7
Neemias Queta,39,2021,99,140,0,2,82,61,39,63,42,3,80,204,74,30,94,418,28,84,0,30,21.3,66,1.9,9.6,1,1471,3281,5,1.3,1.9
Alijah Martin,39,2025,89,117,79,226,59,38,23,37,28,7,46,124,82,56,7,546,38,74,0,30.4,23.1,55,8.6,20.3,0,2036,125,1,-1.2,3
Mouhamed Gueye,39,2023,89,132,11,40,83,65,52,97,40,4,111,165,63,27,27,472,33,83,90,32.1,20.2,77,5.1,6.3,1,1713,1727,3,1,2.2
Jaylen Wells,39,2024,77,95,70,168,20,18,45,64,4,0,42,114,42,18,5,425,34,80,0,29.2,20.4,23,5.4,9,0,1637,3816,2,1,1.8
Jon Leuer,40,2011,113,134,54,146,40,17,116,146,17,1,57,189,56,17,30,621,34,82,84,33.5,21.7,54,7,14.8,0,1628,6005,8,-2.9,1.4
Lance Stephenson,40,2010,79,119,16,73,84,51,47,96,15,1,63,119,84,31,6,419,34,77,98.4,28.2,19.3,81,6.5,6.8,0,1590,14287,10,-2,1.1
Will Barton,40,2012,134,179,37,107,92,51,60,97,41,4,70,209,101,50,25,631,35,78,97.6,35.3,21,75,5,14.4,0,2074,17619,11,-3.2,1
Josh Richardson,40,2015,99,124,46,128,41,22,89,111,8,0,28,115,115,67,16,513,32,78,51,36.3,21.4,85,5.8,3.5,0,1774,16462,10,-1,1
Grant Jerrett,40,2013,18,22,32,79,10,9,13,34,8,1,37,85,18,16,33,176,34,82,98.4,17.8,19.5,19,5.5,13.8,0,1016,52,1,-0.6,3.1
Glenn Robinson III,40,2014,87,115,33,108,55,26,57,89,37,2,54,110,44,35,11,484,37,78,96.8,32.3,20.1,46,7.2,14.1,0,1858,5348,7,-3.2,1.5
Justin James,40,2019,193,260,49,163,77,65,73,141,25,2,31,233,137,46,17,684,31,79,23,38.2,22,129,-0.1,-9.5,0,2071,549,2,-3.4,2.7
Diamond Stone,40,2016,96,128,0,0,75,54,40,70,48,0,76,110,14,17,54,422,34,83,99,22.8,19,52,7,12,0,1295,26,1,0.3,3.1
Dwayne Bacon,40,2017,104,138,57,171,72,52,70,97,22,4,35,112,61,35,4,603,35,79,96.8,28.8,21.4,71,6.3,12.3,0,1828,3996,4,-4.2,1.6
Jared Butler,40,2021,71,91,77,185,60,36,35,54,5,1,13,86,144,59,11,502,30,75,80.8,30.4,20.5,85,5,18.4,0,1573,2047,4,-1.1,2
Robert Woodard II,40,2020,50,78,30,70,35,26,42,70,29,3,68,135,40,35,32,352,31,79,87.6,33,20.3,58,4.5,8.3,0,1722,89,2,-0.5,3.1
Oso Ighodaro,40,2024,91,146,0,2,51,56,83,77,62,9,93,155,105,38,46,483,36,83,76,32.5,21.5,64,6.9,12.6,0,2024,2756,2,-0.1,2
Micah Peavy,40,2025,60,91,52,130,74,67,60,86,33,5,53,132,114,74,16,550,32,80,91.8,37,23.5,83,3.7,4.7,0,2019,953,1,-1.3,2.6
Bryce McGowens,40,2022,162,195,40,146,73,70,29,60,18,1,22,139,43,22,10,522,31,79,94.8,33.3,19.2,65,5.4,-0.1,0,1856,2560,4,-1.5,1.9
Maxwell Lewis,40,2023,102,130,39,120,64,52,46,72,21,2,35,130,81,24,22,494,29,79,73.2,31.4,20.5,95,2.7,-1.6,0,1680,423,2,-3.2,2.8
Jarvis Varnado,41,2010,128,210,0,0,66,45,64,83,54,4,107,262,32,24,170,496,36,81,88.8,31.5,22.3,71,4.3,10.4,0,1929,401,2,-1.9,2.8
Tyshawn Taylor,41,2012,137,199,58,152,73,57,78,93,15,0,8,83,186,52,6,647,39,75,87.2,33.4,21.8,138,8.3,17.5,0,2193,507,2,-4.6,2.7
Darius Morris,41,2011,106,148,15,61,74,45,100,111,4,1,31,106,223,34,1,507,34,76,80.2,34.8,20,101,8.1,10,0,1833,1566,4,-3.9,2.2
Jamaal Franklin,41,2013,173,219,41,147,44,38,58,91,16,0,51,249,105,52,23,532,32,77,0,33.2,21.5,109,5,10.7,0,1761,180,2,-0.7,3
Pat Connaughton,41,2015,50,64,93,220,40,38,22,23,11,2,41,241,57,27,36,475,38,77,80.8,35.6,22.1,44,6,14.5,0,2146,13320,11,-1.4,1
Eric Paschall,41,2019,135,181,70,201,50,35,41,72,34,2,46,175,77,26,17,595,36,80,58.2,36.1,22.2,82,5,9.8,0,2113,3085,3,-4.2,1.8
Tyler Dorsey,41,2017,103,137,86,203,69,43,25,52,5,0,32,99,65,29,4,556,38,76,94.6,30,20.9,57,5.7,14.9,0,1967,1673,3,-2.5,2.1
Stephen Zimmerman Jr.,41,2016,63,99,4,16,39,37,35,59,17,2,55,162,21,12,48,257,25,84,98,26.3,19.3,52,3.2,2.7,0,1190,105,1,-0.4,3.1
Jarred Vanderbilt,41,2018,24,38,0,1,15,20,6,17,8,0,46,64,14,6,11,82,14,81,97.8,17,18.9,15,8.3,11,0,417,7696,8,-0.3,1.3
Tre Jones,41,2020,108,140,39,108,61,52,62,100,0,0,19,104,185,52,10,471,29,75,97.2,35.4,20,78,5.9,16.1,0,1885,8166,6,0.2,1.3
Joe Wieskamp,41,2021,65,96,73,158,47,39,30,41,11,1,37,168,53,29,10,460,31,78,88.2,29.3,21.4,43,6.3,12.9,0,1602,255,2,-1,2.9
E.J. Liddell,41,2022,169,221,46,123,43,24,99,109,15,1,72,181,76,18,80,621,32,79,91.4,33.2,21.1,79,6.3,9.5,0,1726,461,3,-1.4,2.9
Koby Brea,41,2025,32,35,93,214,18,13,24,32,12,0,10,105,48,17,12,419,36,79,0,28.1,22.2,17,10.1,14,0,1822,84,1,-0.8,3.1
Amari Bailey,41,2023,44,63,21,54,61,40,37,64,16,1,25,89,65,34,9,335,30,77,98.4,26.9,18.9,73,4.9,16.8,0,1367,63,1,0.7,3.1
Adem Bona,41,2024,101,145,0,2,64,36,39,65,45,2,64,125,40,36,56,397,32,82,97,26.5,20.8,80,3.8,3.2,1,1376,2103,2,-1,2.1
Doron Lamb,42,2012,123,149,76,163,52,27,47,80,0,0,15,93,60,19,2,549,40,76,95.4,31.2,20.2,44,6.3,20.3,0,2070,1273,2,-2.7,2.3
Nick Johnson,42,2014,146,187,62,169,53,42,61,115,29,2,31,123,107,43,25,618,38,75,95.2,33,21.1,64,6.7,19.2,0,2006,308,1,-2.5,2.8
Pierre Jackson,42,2013,192,240,88,245,80,52,44,82,4,0,24,111,255,54,0,712,36,70,0,34.8,21.4,122,5.7,10.9,0,2132,74,1,-0.8,3.1
Isaiah Whitehead,42,2016,149,196,81,222,47,48,66,127,0,1,18,104,173,40,49,618,34,76,97.4,32.3,20.9,119,5.7,10.1,0,1942,1799,2,-1.5,2.1
Thomas Bryant,42,2017,108,148,23,60,60,46,28,53,37,1,76,150,50,26,52,427,34,82,96.2,28.1,19.5,78,5.4,9.4,0,1656,6795,9,-0.7,1.4
Admiral Schofield,42,2019,60,86,73,173,66,46,75,108,18,3,42,179,73,32,17,594,36,78,50,31.8,21.8,68,6.6,15.2,0,1978,1367,4,-4.1,2.2
Bruce Brown Jr.,42,2018,44,70,16,60,34,40,14,25,14,1,25,110,76,25,15,216,19,77,94.6,33.7,21.4,43,3,9.4,0,1108,14292,8,-2,1
Isaiah Livers,42,2021,47,54,50,116,18,21,24,34,10,0,25,113,46,13,17,301,23,79,73.6,31.6,22.5,26,5.6,13.8,0,1233,2338,4,-2.2,2
Nick Richards,42,2020,109,145,0,0,49,21,50,69,64,1,81,160,7,3,66,435,31,83,96.6,29.6,22.1,49,4.2,10.7,1,1573,5300,6,-4.9,1.5
Maxime Raynaud,42,2025,114,148,67,193,77,42,90,127,29,5,95,276,58,30,50,707,35,85,0,33.5,21.8,84,3.5,4.8,1,1967,1896,1,-2.7,2.2
Trevor Keels,42,2022,65,97,54,173,66,43,25,42,2,0,30,94,96,43,2,413,36,76,96,30.2,18.4,45,5.3,14.7,0,1855,24,2,-0.9,3.2
KJ Simpson,42,2024,163,186,79,182,101,88,52,75,11,3,28,188,181,60,2,728,37,74,82.6,35.1,21.5,82,5.2,10.3,0,2234,1103,2,-2.8,2.4
Mike Scott,43,2012,139,172,6,20,63,27,136,124,10,1,70,195,37,21,15,575,32,80,26.8,31.2,23.5,67,3.4,11.1,0,1524,10032,9,-2.8,1.2
Malcolm Lee,43,2011,112,144,39,132,73,34,21,53,8,2,23,78,67,21,7,433,33,77,93.6,33.1,20.7,55,6.1,8,0,1822,532,3,-0.4,2.7
Devin Ebanks,43,2010,117,152,3,30,80,46,51,98,10,0,99,176,83,36,23,408,34,81,91.2,34.1,20.3,75,9.3,15.8,0,1856,827,3,-1.9,2.5
Joseph Young,43,2015,124,133,91,250,58,42,88,118,18,1,18,137,130,40,1,724,35,74,78.8,36.7,22.6,84,5.4,7.2,0,2183,1094,3,-4.5,2.4
Jaylen Nowell,43,2019,95,122,51,116,83,34,76,115,8,2,35,155,112,46,9,582,36,76,86.8,34.4,19.5,106,4.7,8.6,0,2084,3644,6,-1.6,1.7
Jahmi'us Ramsey,43,2020,50,78,60,141,47,43,36,59,5,4,20,88,60,36,18,406,27,76,93.8,31.2,18.6,54,5.6,11.4,0,1428,351,3,-0.5,2.8
Greg Brown III,43,2021,51,72,30,91,25,26,12,18,14,7,31,129,10,15,26,243,26,81,98.6,20.6,19.4,60,5.5,10,0,932,781,3,-1.8,2.5
Jamir Watkins,43,2025,183,245,53,165,57,51,43,75,24,0,33,149,76,38,17,590,32,79,63.8,30.9,23.5,86,3.9,4.5,0,1729,1061,1,0.3,2.5
Moussa Diabate,43,2022,52,84,3,14,51,21,29,61,34,6,76,115,26,11,28,289,32,83,97.2,24.9,20,47,8.1,9.1,1,1331,3311,4,2.2,1.9
Charles Jenkins,44,2011,179,217,63,152,93,46,83,95,0,0,16,87,150,53,20,720,32,75,0,37.4,21.9,71,0.8,1.3,0,1927,1354,2,-4,2.3
Kim English,44,2012,87,120,78,170,53,15,40,49,0,1,30,118,56,45,10,507,35,78,74.8,33.6,23.3,59,4.6,15.4,0,1945,408,1,-2.9,2.8
Jerome Jordan,44,2010,165,240,0,0,58,34,66,111,59,3,79,227,44,15,82,531,34,84,38,29.9,22.3,77,3.1,7.6,0,1710,509,2,-3.1,2.7
Mike Muscala,44,2013,175,222,4,16,94,61,92,140,32,4,98,275,77,17,77,623,33,83,9.2,32.1,21.6,57,-0.5,8.5,0,1658,8524,11,-1.5,1.2
Markel Brown,44,2014,149,194,55,145,54,34,53,85,28,3,36,143,99,34,35,584,34,75,71.8,35.3,22.3,55,6.2,13.5,0,2085,1807,3,-3.3,2.1
Damyean Dotson,44,2017,44,53,108,244,27,20,60,71,7,0,49,169,35,29,5,559,32,77,47.8,34.1,22.7,34,2.9,9.4,0,1799,4231,5,-3.2,1.7
Andrew Harrison,44,2015,126,159,36,94,30,23,30,85,5,0,13,74,139,40,8,364,39,78,99.2,25.5,20.3,64,6.1,25.2,0,1579,3066,3,-1.3,1.9
Bol Bol,44,2019,28,37,13,25,24,12,22,31,15,3,21,67,9,8,25,189,9,86,99.4,29.9,19,18,3.4,11,0,463,2796,6,-2.5,1.8
Kessler Edwards,44,2021,86,97,44,115,38,25,56,65,11,0,31,140,31,24,31,431,25,80,43.2,33.9,20.5,46,3.5,3.3,0,1532,2279,4,-2.2,1.9
Ryan Rollins,44,2022,128,158,47,151,91,67,77,90,12,2,23,175,119,57,9,622,33,76,9.8,32.7,19.5,74,-1.5,6.1,0,1898,3346,4,0,1.9
Pelle Larsson,44,2024,87,116,46,108,79,43,27,45,11,1,38,108,134,34,8,459,36,78,62.4,30,22.9,68,6.2,16.8,1,1972,2672,2,0,2
Brooks Barnhizer,44,2025,68,89,17,64,36,39,45,59,5,1,26,124,72,39,19,291,17,78,68.6,36.9,22.8,47,7.5,8.7,0,1062,344,1,-2.4,2.9
Justin Hamilton,45,2012,107,137,3,12,60,44,78,106,17,3,109,129,30,25,43,426,33,83,61.4,30,21.8,57,4,4.6,0,1635,1947,3,-4,2.1
Josh Harrellson,45,2011,33,56,2,10,83,26,24,46,18,1,140,189,30,35,57,289,38,82,46.2,28.5,22,28,7,16.3,0,1782,916,3,-0.5,2.5
Dwight Powell,45,2014,145,211,10,39,64,49,79,122,22,4,70,177,112,47,30,505,36,82,93.4,32.4,22.5,104,6,9.1,0,1959,13742,12,0.4,1.1
Demetrius Jackson,45,2016,113,139,54,163,76,54,47,72,16,0,31,90,164,43,10,553,35,73,93.2,35.9,21.4,76,6.8,9.2,0,2037,136,3,-1.7,3
Dillon Brooks,45,2017,90,121,57,141,75,44,56,82,10,0,34,76,92,37,16,548,34,79,88.4,25.3,21,70,6.5,14.9,0,1483,17019,9,0.1,1
Isaiah Roby,45,2019,90,133,28,84,71,59,21,58,28,5,66,176,68,44,66,414,35,80,73.6,31.2,21,70,7.6,9.6,0,1825,2858,4,-3.6,1.9
Jordan Nwora,45,2020,104,128,76,189,41,36,54,89,21,5,52,187,40,23,8,558,31,79,82.6,33.2,21.3,65,5.2,13,0,1723,3425,4,-4.8,1.7
Hamidou Diallo,45,2018,77,126,26,77,59,42,30,82,19,4,32,102,46,28,13,371,37,77,98.2,24.8,19.5,51,6.8,11,0,1605,4904,6,-1,1.5
Jamal Shead,45,2024,81,104,43,139,60,42,71,117,3,1,34,103,233,80,17,478,37,73,59.8,31.1,21.5,75,7.5,21.5,0,1844,3298,2,0,1.9
Josh Minott,45,2022,49,65,2,14,46,38,10,22,25,4,52,72,31,27,22,217,33,80,91.6,14.7,19.2,31,3.7,10.2,0,865,1386,4,0.8,2.3
Gregory Jackson,45,2023,84,124,55,170,56,48,47,119,19,2,49,141,27,24,26,493,32,81,99,32,18.1,86,3.9,-4.4,0,1668,2801,3,-0.7,1.9
Andrew Goudelock,46,2011,110,134,131,322,34,26,146,163,7,1,25,118,157,33,7,877,37,74,0,35.2,22.1,119,0.3,6.7,0,2202,570,3,-2.5,2.7
Gani Lawal,46,2010,124,219,0,1,72,39,51,105,45,8,105,195,15,16,49,460,35,81,96.4,25.9,21.3,76,6.8,11.8,0,1591,2,1,-0.3,3.2
Darius Miller,46,2012,55,69,56,149,27,12,51,53,9,1,36,74,82,33,13,397,40,80,83.8,26.1,21.9,58,5.9,20.3,0,1736,5467,6,-1.3,1.5
Erick Green,46,2013,218,267,61,157,73,42,117,150,10,0,15,112,121,42,6,801,32,76,46.4,36.4,21.7,69,4.4,-0.4,0,1974,455,2,-2.1,2.7
Jordan Clarkson,46,2014,162,195,32,114,108,67,59,110,10,1,28,106,118,38,6,612,35,77,59,35.1,21.6,93,4.9,5.8,0,2016,22905,12,-2.3,0.9
Norman Powell,46,2015,127,169,38,119,98,81,43,88,34,4,21,148,75,66,16,591,36,76,89.6,34.5,21.7,80,6.1,7.2,0,2082,18644,11,-1.6,0.9
A.J. Hammons,46,2016,90,127,6,11,71,21,78,106,44,5,77,193,37,9,84,494,33,84,85.2,24.6,23.4,65,6.6,15.2,0,1367,162,1,-2.1,3
Sterling Brown,46,2017,87,110,61,136,42,42,51,70,7,2,55,172,105,50,19,470,35,78,78.4,32.7,21.9,68,2.8,15.2,0,1818,4657,6,-2.5,1.5
CJ Elleby,46,2020,121,147,74,218,58,52,50,104,15,1,39,212,60,56,26,589,32,78,23.8,33.4,19.6,69,2.5,1.8,0,1900,1365,2,-2,2.3
Talen Horton-Tucker,46,2019,55,88,49,159,76,35,22,80,8,2,23,146,82,45,23,414,35,76,88.8,27.2,18.1,60,5.9,12.9,0,1635,5984,6,-0.8,1.4
Dalano Banton,46,2021,56,84,19,79,41,27,22,38,3,2,26,127,101,25,24,248,26,81,81.8,27.3,21.2,64,6.7,0,0,1291,3207,5,-3.2,1.8
Seth Lundy,46,2023,88,109,92,230,39,30,25,31,9,3,33,192,31,27,21,510,36,78,56.2,31.7,22.8,31,6.7,8.4,0,1830,51,1,-1.6,3.1
Amari Williams,46,2025,114,183,1,4,64,40,33,59,40,6,74,232,115,20,44,391,36,84,0,22.8,23,82,10.4,14,1,1476,140,1,-2.4,3
Cam Christie,46,2024,53,68,70,179,13,21,37,55,6,0,8,111,74,21,11,375,33,78,73.4,30.2,18.5,38,4.6,5.3,0,1681,558,2,0.7,2.7
Kevin Murphy,47,2012,113,159,76,181,40,32,88,149,20,1,27,138,72,25,7,637,31,78,41.6,34.6,21.9,104,-1.2,-1.9,0,1819,53,1,-2,3.1
Travis Leslie,47,2011,109,136,13,43,76,50,45,99,43,4,106,131,97,40,20,476,33,76,79.2,32.2,20.8,71,5.1,7.8,0,1710,,,,
Russ Smith,47,2014,153,217,70,181,101,50,47,93,7,1,29,93,172,74,4,673,37,72,43.8,29.3,22.8,105,3.9,20.2,0,1863,137,2,-2.2,3
Jake Layman,47,2016,77,91,57,143,35,13,24,38,22,2,36,149,40,40,36,410,35,81,86.4,31.7,21.9,58,6.4,12,0,1856,3147,6,-3.1,1.7
Sviatoslav Mykhailiuk,47,2018,45,56,115,259,46,68,22,51,22,4,44,109,107,46,12,570,39,80,52.4,34.5,20.6,65,7.9,14.2,0,2358,6573,8,-0.8,1.4
Ike Anigbogu,47,2017,23,43,0,0,17,13,17,26,23,5,41,76,6,5,35,137,29,82,91,13,18.3,24,5,13.4,0,687,36,2,1,3.1
Ignas Brazdeikis,47,2019,116,150,56,143,89,63,29,69,14,0,43,158,31,26,18,548,37,79,92.2,29.6,20,46,6.9,16.8,0,1784,838,3,-1.9,2.5
David Johnson,47,2021,28,40,32,83,27,21,27,57,4,0,17,93,61,20,5,240,19,77,83.6,35.1,19.9,61,5.1,5,0,1100,3,1,0.3,3.2
Antonio Reeves,47,2024,113,131,84,188,70,45,72,73,9,2,24,113,54,22,8,667,33,78,0,31.5,23.2,40,4.6,10.3,0,1915,720,2,-2.1,2.6
Vince Williams Jr.,47,2022,83,102,65,168,40,23,21,23,11,1,27,152,91,48,32,422,30,78,42.2,32.4,21.4,86,4.7,7.8,0,1664,2863,4,-0.2,1.9
Keith Benson,48,2011,150,236,8,22,92,41,79,133,46,0,87,257,36,27,122,608,34,83,0,32.5,22.4,65,1.1,7.6,0,1993,8,1,-0.6,3.2
Ryan Kelly,48,2013,69,85,35,83,20,18,39,49,2,0,37,85,38,16,37,296,23,83,97,28.9,21.8,23,8.5,17.2,0,1119,3103,4,-0.7,1.9
Lamar Patterson,48,2014,132,175,80,206,77,42,37,88,8,0,35,140,154,51,12,616,36,77,80.4,32.6,22.5,93,5.4,13.1,0,1822,460,2,-0.9,2.7
Dakari Johnson,48,2015,90,144,0,0,44,33,21,44,14,0,67,112,29,14,36,248,39,84,98.2,16.3,19.3,42,5.7,25.2,0,1013,162,1,-0.9,3
Sindarius Thornwell,48,2017,215,259,58,148,79,63,49,89,9,2,77,144,86,66,30,663,32,77,94,32.9,22.2,76,8.1,12.5,0,1832,1747,4,-2.4,2.1
Keita Bates-Diop,48,2018,112,141,66,184,75,44,89,105,17,1,52,244,56,31,56,672,34,79,94.4,33.1,22,62,6.7,12.4,0,1904,4540,6,-2.6,1.5
Terance Mann,48,2019,98,124,30,77,69,55,10,39,38,3,92,148,94,25,12,422,37,79,80.2,31.7,22.3,65,7.4,12.8,0,2032,11319,7,-1.3,1.2
Jordan Miller,48,2023,98,125,32,91,121,64,47,59,18,0,76,154,99,45,15,566,37,79,0,34.9,23,49,4.7,9.7,0,2224,1758,3,-1.3,2.2
Nico Mannion,48,2020,106,133,53,162,37,34,52,80,3,0,8,72,169,38,0,449,32,75,98.4,32.3,18.8,82,5.3,13.4,1,1812,362,1,-0.3,2.8
Sharife Cooper,48,2021,85,103,13,57,45,47,13,21,1,0,8,43,97,12,3,242,12,73,95.6,33.1,19.6,50,7.7,5.9,0,760,724,2,-2.9,2.7
Harrison Ingram,48,2024,60,98,65,169,44,52,46,59,8,1,97,230,81,51,15,451,37,79,97,32.8,21.2,51,6.7,14.9,0,2160,60,2,-0.1,3.1
Javon Small,48,2025,146,166,83,235,54,41,31,61,15,1,15,116,180,49,11,595,32,74,0,36.1,22.1,87,7.6,9.2,0,1881,834,1,0.7,2.6
Kendall Brown,48,2022,51,74,14,41,56,28,19,36,43,3,59,107,63,34,12,329,34,80,97.8,27,18.7,58,6.6,16.8,0,1573,123,2,-0.4,3
Kyle O'Quinn,49,2012,150,213,6,28,102,47,47,67,38,0,103,241,50,20,92,542,34,82,0,31.2,21.8,89,-3.6,-1,0,1805,6686,8,-1.2,1.4
Erik Murphy,49,2013,40,51,72,159,54,25,34,42,4,0,58,141,50,23,25,440,36,82,89.2,26.4,22.3,51,5.7,21.8,0,1495,66,1,-2.5,3.1
Josh Selby,49,2011,28,37,34,94,15,15,21,45,2,1,10,48,56,21,1,206,26,74,99.6,20.4,19.9,53,6,18.9,0,920,303,2,-1.6,2.9
Cameron Bairstow,49,2014,219,298,1,3,103,56,100,130,33,1,76,175,53,19,51,694,34,81,0,32.9,23.1,68,3.8,9.9,0,1822,165,2,-2.1,3
Michael Gbinije,49,2016,106,160,91,233,76,49,36,69,22,4,40,111,160,71,13,647,37,79,94.6,37.9,23.6,105,6.8,10.5,0,2272,30,1,-1.3,3.1
Chimezie Metu,49,2018,111,152,12,40,41,48,71,101,81,11,64,189,53,27,59,533,34,83,92.6,31,20.8,68,4,8.7,0,1793,3572,6,-3.2,1.7
Quinndary Weatherspoon,49,2019,148,183,55,139,89,69,46,51,23,2,45,114,96,57,11,629,34,76,79.8,34.1,22.4,99,6.6,10.9,0,1981,275,3,-2.5,2.9
Isaiah Joe,49,2020,81,91,94,275,12,7,23,40,3,0,14,93,45,36,7,439,26,77,66,36,20.5,45,3.7,9.2,0,1686,7372,6,1,1.4
Isaiah Mobley,49,2022,88,129,43,122,62,46,46,74,10,3,71,196,106,24,29,453,32,82,96.2,34.1,22.3,60,3.4,8.4,0,1831,171,3,-1.4,3
Tristen Newton,49,2024,168,208,71,221,79,53,29,53,3,1,57,206,248,37,12,603,40,77,0,33.2,22.8,98,5.7,20.4,0,2184,29,2,-1.4,3.2
Emoni Bates,49,2023,115,147,76,230,47,43,60,86,10,1,20,153,42,22,16,577,30,82,99.2,33.5,19,76,-0.5,-7.6,0,1763,198,2,-1.5,3
Tyrese Proctor,49,2025,51,75,89,220,36,37,32,32,8,0,18,97,85,30,4,470,38,78,94.8,29.9,20.8,40,7.5,23.6,1,1886,542,1,0,2.7
Lavoy Allen,50,2011,69,99,5,17,78,28,56,126,15,1,88,195,75,23,61,382,33,81,78.8,33.9,22,54,3,10.3,0,1822,7117,6,-2.2,1.4
Solomon Alabi,50,2010,108,136,0,0,45,28,50,85,38,3,79,119,16,20,75,374,32,85,95.4,25.6,21.3,61,6.3,12.5,0,1384,183,2,-1.8,3
James Ennis,50,2013,110,129,53,148,59,27,28,55,27,2,56,144,66,54,40,497,31,79,0,33.5,22.6,89,1.7,-0.4,0,1748,8497,8,-2.3,1.2
Georges Niang,50,2016,96,119,56,143,125,40,98,108,4,0,46,172,117,31,22,718,35,80,86,33.2,22.6,92,7.1,11.5,0,2074,10287,9,-2.2,1.2
Jarrell Brantley,50,2019,122,156,35,113,107,55,61,85,23,2,55,213,78,45,28,621,32,79,0,33.9,22.6,83,-1.4,3.3,0,1801,295,3,-2.2,2.9
Alize Johnson,50,2018,110,145,40,143,55,35,64,84,9,2,101,272,91,15,14,480,32,81,0,31.2,21.7,72,0.9,3.1,0,1661,583,5,-1,2.6
Skylar Mays,50,2020,129,151,50,127,84,69,24,26,11,3,15,140,100,54,7,517,31,76,73.2,34.5,22.4,70,5.1,9.8,0,1888,1140,4,-2.4,2.3
Keyontae Johnson,50,2023,108,151,47,116,92,53,67,94,30,5,54,191,77,37,7,627,36,78,86.4,34.1,22.7,106,6.4,10.6,0,2163,66,1,-1.5,3.1
Enrique Freeman,50,2024,164,225,19,52,125,82,34,42,44,0,117,305,52,26,56,615,33,79,0,32.4,23.5,84,-0.7,4.2,0,1806,213,2,-1.8,3
Kobe Sanders,50,2025,136,171,41,120,48,39,77,84,7,1,22,106,147,37,9,523,33,81,0,31.7,22.6,61,2.7,5,0,1700,1325,1,-0.8,2.4
Kris Joseph,51,2012,117,157,51,148,54,30,34,96,25,3,56,118,56,50,23,496,37,79,88.6,32.2,23.1,55,6.9,16.7,0,1929,55,1,-1.4,3.1
Ben Bentil,51,2016,194,248,52,158,95,63,71,116,29,5,94,174,40,30,36,738,35,81,81.2,34.2,20.8,67,6.1,7.2,0,2087,11,1,-0.4,3.2
Monte Morris,51,2017,89,111,54,143,78,48,82,112,2,0,40,129,217,53,10,575,35,75,83.6,35.3,21.6,42,8.3,13.6,0,2168,10937,9,-0.2,1.2
Tremont Waters,51,2019,104,128,56,171,72,56,40,57,4,1,10,82,192,94,4,504,33,71,91.4,32.4,21,114,6.4,11.3,0,1885,415,3,-1.2,2.8
Tyrese Martin,51,2022,62,90,43,100,63,54,30,64,8,2,68,150,56,23,14,393,29,78,56.2,32.1,22.9,53,5.5,11.6,0,1547,2169,3,-3.4,2.1
Jalen Wilson,51,2023,159,199,70,208,102,77,74,112,0,1,56,241,79,34,17,723,36,80,89.4,35.4,22.2,84,8.4,12.9,0,2228,3578,3,-1.8,1.8
Brandon Boston Jr.,51,2021,51,65,30,100,34,42,30,74,9,1,33,79,41,33,4,287,25,79,99.4,30.7,19.2,36,7.1,6.3,0,1344,2368,4,-3.5,1.9
Vernon Macklin,52,2011,46,102,0,0,96,37,63,91,32,3,82,117,30,13,26,428,37,82,95,24.5,24.3,63,6.5,12.9,0,1445,138,1,-1.8,3
Luke Harangody,52,2010,140,178,25,81,103,56,106,149,10,2,67,206,47,14,20,653,30,80,82.4,33,22.2,54,3.7,9.3,0,1621,880,2,-1.7,2.5
Lorenzo Brown,52,2013,108,140,20,76,69,52,39,86,12,0,22,121,239,65,19,408,33,77,94.4,34.2,22.4,114,4.6,10,0,1939,1203,5,-2.9,2.3
Joel Bolomboy,52,2016,148,215,18,53,47,28,47,67,61,9,98,280,34,19,34,512,30,81,0,32.8,22,76,-2.6,2.7,0,1677,95,2,-1,3.1
Edmond Sumner,52,2017,100,136,12,44,50,39,17,33,14,1,11,80,105,27,16,314,21,78,79,33.1,21,58,6.2,9.4,0,1223,2331,5,-2.1,1.9
Vincent Edwards,52,2018,100,120,51,128,79,45,40,75,10,1,71,188,101,18,21,511,35,80,76,31.6,21.8,71,6.1,17.3,0,1869,16,1,-0.5,3.2
Jalen McDaniels,52,2019,92,125,22,72,44,27,120,156,21,2,65,208,70,37,16,525,33,82,76.2,31.1,21,80,1.5,3.6,0,1771,4641,6,-1.6,1.6
Luka Garza,52,2021,141,199,44,100,164,80,61,91,12,0,93,178,54,21,50,747,31,83,76.6,31.6,22.1,47,6.3,12.9,0,1731,2135,5,1.2,2
Toumani Camara,52,2023,89,133,29,80,78,45,33,52,38,0,79,215,59,42,27,474,34,80,79.4,30,22.7,71,0.4,7.6,1,1620,6863,3,0.9,1.6
Quinten Post,52,2024,101,123,50,116,106,66,49,77,17,1,72,213,100,30,61,595,35,84,0,31.9,23.8,86,4.3,5.7,1,1890,1953,2,-0.7,2.1
DeAndre Liggins,53,2011,68,105,36,92,36,29,34,65,6,2,22,131,96,46,28,328,38,78,93.4,31.6,22.8,55,6.7,16.3,0,1985,1986,5,-4,2
Devon Hall,53,2018,76,85,57,132,46,39,26,45,3,0,12,131,107,29,5,397,34,77,75.8,32.1,22.5,35,6.9,18.8,0,1645,78,1,-1.3,3.1
Kadeem Allen,53,2017,86,116,32,75,41,40,30,46,4,0,12,125,101,53,21,332,34,75,0,30,24,65,5.9,13.4,0,1706,643,3,-1,2.6
Justin Wright-Foreman,53,2019,176,204,108,254,90,47,111,117,16,1,12,125,99,29,7,921,34,74,0,37.7,21.2,88,-2.5,5.5,0,2202,46,1,-1.2,3.1
Cassius Winston,53,2020,115,135,73,169,55,51,57,81,0,0,6,69,175,36,1,558,30,73,94,32.6,21.9,96,7.2,14.9,0,1691,144,2,-2.5,3
Charles Bassey,53,2021,88,116,18,59,68,35,38,54,70,5,92,233,19,11,87,494,28,83,99,30.4,20.3,62,1.8,4.1,1,1463,1432,5,-2.1,2.2
John Tonje,53,2025,231,254,85,219,68,49,34,49,17,3,29,166,67,27,8,724,37,77,0,31.1,23.8,68,7.7,13.7,0,1975,42,1,-1.3,3.2
Cam Spencer,53,2024,82,90,99,225,37,23,60,60,0,0,42,152,145,59,10,573,40,76,0,32.8,23.8,40,5.4,20.4,0,2161,1929,2,0.5,2.1
Jaylen Clark,53,2023,67,96,26,79,73,43,32,63,17,2,58,123,56,78,8,389,30,77,77.8,30.5,21.2,37,5.1,16.8,0,1533,1426,2,0.3,2.3
Willie Warren,54,2010,101,127,30,97,48,34,27,34,1,1,14,55,86,21,1,343,21,76,98,31.9,20.2,80,4.9,4.2,0,1144,136,1,0.2,3
Alec Peters,54,2017,167,188,55,149,72,38,70,101,7,2,71,211,62,22,11,643,28,81,50,35.1,21.7,69,-0.8,3.9,0,1724,226,1,-0.3,2.9
Kahlil Felder,54,2016,239,282,76,214,104,78,81,128,8,0,26,123,324,69,7,853,35,69,0,36.7,20.8,120,-0.5,6,0,2398,537,2,-2.7,2.7
Marial Shayok,54,2019,108,123,71,185,87,35,61,85,10,0,47,120,67,32,8,637,34,78,67,32.9,23.5,91,6.6,12.9,0,1904,28,1,-1.4,3.1
Shake Milton,54,2018,94,111,56,129,30,32,36,45,1,1,14,89,96,31,14,396,22,78,82.2,36.4,21.2,50,1.5,6.2,0,1297,7111,7,-2.8,1.4
Sandro Mamukelashvili,54,2021,95,133,42,125,78,73,26,57,22,6,50,154,87,29,15,473,27,83,60.4,35.6,21.7,89,4.6,5.9,1,1626,3936,5,-0.1,1.7
Jalen Slawson,54,2023,127,164,37,96,61,40,29,44,43,2,59,175,105,50,50,514,33,79,0,30.6,23.2,85,-0.9,5.2,0,1762,380,2,-0.9,2.9
Anton Watson,54,2024,80,122,20,49,94,39,50,77,30,0,75,168,87,51,22,493,34,80,90.6,31.4,23.3,46,3.6,13.3,0,1865,26,1,-1.4,3.1
Cassius Stanley,54,2020,77,105,31,86,46,54,19,32,32,1,54,87,30,20,21,364,29,78,92.8,27.4,20.4,54,5,16.1,0,1452,253,2,-1.1,2.9
E'Twaun Moore,55,2011,100,141,70,175,40,33,107,135,4,0,51,124,108,41,18,612,34,76,95,33.9,21.9,61,7.1,15.8,0,1882,12819,10,-3.3,1.1
Jeremy Evans,55,2010,64,93,3,12,52,23,21,39,61,3,101,134,25,28,61,341,34,81,0,26.5,22.3,36,-0.7,3.3,0,1475,2624,7,-1.6,1.9
Darius Johnson-Odom,55,2012,126,165,77,200,66,46,57,86,10,5,22,97,93,32,4,623,34,74,0,32.9,22.3,80,6.7,13,0,1980,23,2,-1.5,3.1
Marcus Paige,55,2016,72,93,74,208,37,29,27,49,3,0,15,71,128,39,15,428,34,74,94.2,31.6,22.4,42,8,16.5,0,1873,28,1,-1,3.1
Semaj Christon,55,2014,157,235,19,49,108,86,63,103,11,0,15,76,142,45,8,578,34,75,94,35.3,21.2,89,5.2,7.5,0,1978,956,1,-3.8,2.4
Nigel Williams-Goss,55,2017,157,181,43,117,79,44,93,115,5,0,22,205,179,64,3,640,38,75,93.4,32.7,22.4,82,3.5,20.9,0,2194,53,1,-1.7,3.1
Kyle Guy,55,2019,70,84,120,282,40,21,36,60,2,0,27,144,78,26,2,586,38,74,92.8,35.4,21.5,53,7.4,21.2,0,2030,430,3,-2.6,2.7
Aaron Wiggins,55,2021,56,73,53,153,49,33,42,65,15,2,34,141,76,34,16,434,30,78,91.8,33.1,22.1,59,6.6,7.1,0,1629,7305,5,0,1.4
Isaiah Wong,55,2023,153,181,61,159,52,46,67,95,12,0,39,121,118,50,14,598,37,76,84.2,33.4,22,77,4.5,9.7,0,2130,256,2,-1.6,2.9
Bronny James,55,2024,23,34,16,60,12,10,9,16,4,1,7,64,53,19,5,121,25,76,95.8,19.4,19.3,27,5.9,4.4,0,842,553,2,-1.5,2.7
Peyton Siva,56,2013,85,98,38,132,68,49,26,60,7,1,12,82,228,90,6,401,40,72,93.4,31.2,22.3,106,7.4,21.5,0,2068,218,1,-2.2,2.9
Hamady Ndiaye,56,2010,72,117,0,0,29,29,18,45,66,7,73,144,13,13,139,298,31,84,86.4,28.2,22.3,44,5.5,-0.1,0,1490,159,3,-2.6,3
Roy Devyn Marble,56,2014,142,199,52,149,67,40,57,116,7,0,26,80,118,60,7,560,33,78,48.8,30.2,21.3,57,6.6,13.7,0,1735,458,2,-1.2,2.7
Branden Dawson,56,2015,51,104,0,0,79,38,59,117,44,3,102,216,59,42,58,415,35,78,97,30.1,22,67,8.5,13.7,0,1650,28,1,-1,3.1
Jabari Bird,56,2017,42,55,65,178,29,20,28,42,18,2,26,101,28,18,6,387,27,78,96,32,22.6,50,4.7,7.5,0,1408,117,1,-0.5,3
Daniel Hamilton,56,2016,86,100,47,142,40,31,67,127,5,0,33,288,170,38,15,451,36,79,96.8,32,20.5,85,5,12.3,0,1913,228,2,-1.2,2.9
Grant Riller,56,2020,168,205,47,129,98,44,65,97,10,1,15,138,118,47,10,656,30,75,6,33.5,22.9,94,-0.5,0.3,0,1678,32,1,-1.4,3.1
Ray Spalding,56,2018,73,114,5,19,79,54,55,79,44,6,113,199,46,54,62,444,36,82,91.8,27.6,20.9,61,7,9.3,0,1719,164,2,-1.1,3
Scottie Lewis,56,2021,37,55,14,44,23,12,14,29,6,0,17,48,31,33,22,165,21,77,98.8,25.6,20.9,39,5.7,8.5,0,950,8,1,-0.1,3.2
Will Richard,56,2025,81,96,80,223,66,31,17,20,22,1,45,138,74,66,13,531,40,76,36.2,31.6,22.1,62,9,20.3,0,2232,1347,1,-0.1,2.3
Kevin McCullar Jr.,56,2024,115,142,38,112,76,52,28,58,9,1,19,131,103,38,10,459,25,79,0.2,34.2,22.8,64,7.1,10.3,0,1490,187,2,-2.3,3
Ryan Reid,57,2010,46,77,0,0,40,26,37,59,5,0,58,65,35,18,16,210,31,80,82,22.7,22.3,51,7.5,12.5,0,1177,16,1,-1.1,3.2
Kevin Hervey,57,2018,113,140,77,227,85,51,59,93,18,2,77,205,73,41,20,676,33,79,0,32.2,21.5,90,0,3.2,0,1957,48,1,-1.9,3.1
Jordan Bone,57,2019,74,89,50,139,49,41,75,80,4,0,18,96,209,25,4,485,36,75,66,33,21.2,71,6.7,15.2,0,2058,248,2,-2.4,2.9
Reggie Perry,57,2020,149,194,23,71,76,48,48,87,36,0,97,215,71,26,36,538,31,82,94,31.1,19.8,90,4.6,8.3,0,1622,422,2,-1.2,2.8
Trayce Jackson-Davis,57,2023,146,210,0,0,139,103,49,79,74,6,91,255,129,27,92,670,32,81,94.2,34.6,22.9,82,7.6,10.3,0,1870,2692,3,-2.4,1.9
Jabari Walker,57,2022,127,162,36,104,75,76,23,42,26,1,68,242,41,24,22,483,33,81,69,28.1,19.5,76,3.9,5.3,0,1587,3813,4,-1,1.7
Max Shulga,57,2025,140,179,72,186,49,38,27,45,3,0,59,140,135,60,4,511,34,77,0,32.8,22.6,57,1.2,12.6,1,1884,37,1,-1.1,3.2
Derrick Caracter,58,2010,80,119,4,15,74,38,59,64,11,0,72,146,30,26,23,380,27,81,95.4,26.7,22.3,77,3.8,11.2,0,1249,219,1,-2.2,2.9
Robbie Hummel,58,2012,113,137,72,188,17,10,105,145,0,0,55,196,66,23,42,573,35,80,88.4,32.2,22.9,32,6.8,10.8,0,1817,1376,2,-1.8,2.3
Jordan McRae,58,2014,164,208,77,220,73,34,50,105,16,4,26,101,89,25,37,673,36,78,92,32.4,22.8,76,6,13.4,0,1828,1711,4,-2.4,2.1
Abdel Nader,58,2016,78,106,52,140,50,33,33,54,26,1,26,148,54,37,24,452,35,78,51.6,31.1,22.3,79,7.4,11.5,0,1940,2666,5,-5.2,1.8
Thomas Welsh,58,2018,48,58,45,112,30,21,77,84,10,0,87,271,46,22,29,417,33,84,92.6,33.2,22,34,4.4,7.1,0,1951,33,1,-0.6,3.1
Miye Oni,58,2019,103,130,55,150,55,53,30,58,22,2,18,157,99,25,36,480,28,78,0,30.9,21.5,72,0.7,5.6,0,1587,724,3,-1,2.6
Paul Reed,58,2020,59,78,15,51,82,56,51,75,32,2,92,208,45,52,71,424,28,81,46,31.7,20.6,63,4.7,3.2,0,1616,4499,6,2,1.6
Jericho Sims,58,2021,52,100,0,1,27,19,8,20,59,3,56,132,17,19,28,240,26,82,89.6,24.5,22.3,42,6.3,10,0,1096,3924,5,-3.5,1.7
Chris Livingston,58,2023,39,54,18,59,36,26,14,38,11,0,38,104,24,15,12,215,34,78,97.8,22.4,19.3,31,6.2,10.1,0,1267,237,3,-0.7,2.9
George King,59,2018,68,87,62,157,43,45,32,37,5,0,56,194,35,17,21,414,32,78,0,28.5,24,64,4.3,2.3,0,1578,25,2,-1.8,3.1
Jaron Blossomgame,59,2017,120,168,24,94,93,48,62,100,41,3,59,148,51,27,30,584,33,79,76.8,34.3,23.3,55,6.8,8.3,0,1918,443,1,-2.3,2.7
Jalen Harris,59,2020,135,164,67,185,67,53,67,102,22,4,22,170,118,34,4,648,30,77,0,33,21.4,72,1.9,4.6,0,1771,176,1,-0.3,3
Raiquan Gray,59,2021,71,93,8,30,54,33,35,46,12,1,37,123,55,30,18,297,25,80,68.4,26.3,21.6,55,4.9,10.1,0,1146,72,2,-0.7,3.1
Jahmai Mashack,59,2025,60,83,20,57,39,25,15,27,0,0,52,109,57,64,20,228,38,76,88,28.2,22.2,35,8.8,18.1,0,1738,665,1,-1,2.7
Robert Sacre,60,2012,150,197,0,2,31,25,64,83,22,2,67,141,24,12,47,384,33,84,65.2,26.3,22.6,60,3.2,11.7,0,1437,2747,4,-3.8,1.9
Isaiah Thomas,60,2011,151,210,60,172,84,39,43,81,1,2,26,97,213,47,2,587,35,69,57.6,31.9,22,104,5.3,13.6,0,1996,16417,12,-0.1,1
Cory Jefferson,60,2014,128,198,14,37,33,26,59,117,67,12,100,193,36,13,46,488,36,81,86.8,29.3,23.1,50,7.2,10.6,0,1677,584,2,-0.9,2.7
Tyrone Wallace,60,2016,100,154,25,84,64,39,56,93,6,1,27,121,123,27,12,427,28,77,81.8,32.2,21.6,74,4.7,10.4,0,1538,1736,4,-2.4,2.1
Sam Merrill,60,2020,150,168,89,217,68,48,38,51,0,1,6,125,124,28,4,629,32,77,14.4,34.9,22.2,50,2.2,10.5,0,1897,4455,6,1.2,1.6
Kostas Antetokounmpo,60,2018,33,64,2,15,19,18,10,13,27,0,24,59,13,7,31,151,29,82,79.8,15.1,20.1,39,2,-0.2,1,733,87,3,-0.4,3.1
Ryan Conwell,,2026,124,149,112,325,72,50,17,29,0,0,21,141,91,38,6,638,34,75,,30.9,21.6,73,7.6,14.7,0,1857,,,,
Braden Smith,,2026,99,120,64,177,49,32,84,106,0,0,25,113,345,66,8,557,39,72,61.2,34.5,22.5,113,9,16.7,0,2185,,,,
Richie Saunders,,2026,89,109,64,170,62,28,17,20,6,2,47,97,52,43,7,451,25,77,,31.3,24.3,41,6.6,13,0,1393,,,,
Alex Karaban,,2026,74,87,77,206,82,55,18,33,11,0,72,139,94,33,33,527,40,80,81.2,34.2,23.2,43,7.8,16.8,0,2247,,,,
Henri Veesaar,,2026,72,117,40,94,64,33,46,40,58,7,68,202,64,18,37,528,31,84,85.2,31.4,21.8,52,7,12,1,1678,,,,
Zuby Ejiofor,,2026,186,259,18,59,104,72,43,59,35,1,123,148,131,43,79,604,37,81,89.4,30,21.8,78,7.2,15,0,1953,,,,
Joshua Jefferson,,2026,149,213,38,110,92,69,48,76,16,1,66,194,167,57,29,575,35,81,,30.9,22.2,89,5.9,18.7,0,1841,,,,
Dailyn Swain,,2026,161,198,32,92,110,74,39,43,25,1,59,204,125,57,11,606,35,80,82.4,32.8,20.5,93,7.4,10.2,0,1959,,,,
Aday Mara,,2026,79,140,3,10,78,30,39,56,81,7,76,194,97,14,103,484,40,87,97.2,23.4,20.8,79,9.7,22.6,1,1665,,,,
Cameron Carr,,2026,132,164,77,205,39,32,48,53,44,7,21,170,87,29,44,623,33,77,88.8,33.7,21.2,78,7.3,8.2,0,1925,,,,
Yaxel Lendeborg,,2026,136,165,67,180,84,41,20,33,29,1,75,196,129,45,49,603,40,81,,30.1,23.3,42,10,22.6,0,2133,,,,
Pryce Sandfort,,2026,71,83,129,310,65,24,20,30,3,1,22,148,70,36,9,634,35,79,83,33.6,21.6,24,6.8,14.7,0,1954,,,,
Motiejus Krivas,,2026,131,168,4,13,48,43,57,49,27,2,120,198,43,28,73,407,39,86,73.2,25.4,21.2,53,9.1,21.2,1,1755,,,,
Isaiah Evans,,2026,98,114,101,280,40,26,23,37,22,2,15,107,48,27,25,571,38,78,97.2,28.2,20.1,43,8.2,22.6,0,1785,,,,
Labaron Philon,,2026,158,198,81,203,108,59,49,61,5,0,19,98,165,38,6,725,33,76,93.2,30.9,20.2,84,9.9,14.4,0,1887,,,,
Jayden Quaintance,,2026,4,13,0,0,5,3,1,2,2,1,8,12,2,2,3,20,4,83,98.6,16.8,18.5,6,10.4,11.9,0,116,,,,
Morez Johnson Jr.,,2026,122,156,12,35,114,58,19,34,50,3,100,193,48,27,44,524,40,81,94.2,25.1,20,53,10,22.6,0,1787,,,,
Christian Anderson,,2026,95,118,108,260,47,19,41,55,8,2,20,98,244,48,8,611,33,75,76.6,38.4,19.8,109,8.8,13.3,0,2147,,,,
Bennett Stirtz,,2026,140,165,92,257,87,40,61,69,11,1,10,88,163,51,9,734,37,76,,37.7,22.3,68,6.8,12.8,0,2186,,,,
Allen Graves,,2026,84,112,37,91,55,42,29,36,21,2,95,126,61,65,32,400,34,81,,22.6,20.3,24,4.1,10.6,0,1341,,,,
Koa Peat,,2026,101,162,7,20,87,59,53,105,53,2,77,126,93,23,25,508,36,80,98.6,27.8,19,58,8,21.2,0,1801,,,,
Brayden Burries,,2026,136,169,70,179,74,48,49,60,17,1,21,170,95,59,8,626,39,76,98.2,29.8,20.4,57,8.3,21.2,0,2073,,,,
Caleb Wilson,,2026,129,181,7,27,48,34,48,60,67,10,68,158,64,36,33,476,24,82,99.2,31.3,19.5,47,5.7,12,0,1299,,,,
Chris Cenac Jr,,2026,36,58,30,90,20,15,58,76,35,1,83,208,27,28,18,352,37,83,99,24.8,19,33,7.9,19.5,0,1486,,,,
Kingston Flemings,,2026,109,129,41,106,84,69,86,108,11,2,19,131,192,56,12,594,37,76,96.8,31.7,19.1,66,7.8,19.5,0,1898,,,,
Meleek Thomas,,2026,91,108,82,197,66,46,52,101,3,2,33,109,92,57,7,579,37,77,98,30.5,19.5,37,8.1,13.7,0,2051,,,,
Darryn Peterson,,2026,109,132,63,165,31,24,53,71,9,3,17,84,38,34,15,484,24,77,99.8,29,19.1,38,9.8,13.3,0,1196,,,,
AJ Dybantsa,,2026,229,296,49,148,90,46,126,146,43,5,51,188,130,37,12,894,35,81,100,34.8,19,108,7.9,13,0,2136,,,,
Ebuka Okorie,,2026,188,226,63,178,127,105,36,49,8,0,23,90,111,49,10,719,31,74,57.6,35.1,19.3,58,5.5,5.7,0,1841,,,,
Keaton Wagler,,2026,172,216,87,219,84,61,31,58,0,1,71,117,157,34,14,663,37,78,52.6,33.9,19.3,66,8.2,18.8,0,2051,,,,
Nate Ament,,2026,196,248,46,138,46,53,66,111,13,2,61,161,82,34,22,584,35,82,99.4,29.7,19.1,79,8.5,14.7,0,1747,,,,
Mikel Brown Jr.,,2026,103,122,55,160,37,23,10,31,10,2,1,69,99,26,3,382,21,77,98.8,29.2,19.8,65,5.7,14.7,0,1111,,,,
Cameron Boozer,,2026,221,280,54,138,173,116,22,30,41,2,128,261,157,53,23,855,38,81,99.6,33.5,18.5,96,8.3,22.6,0,2115,,,,
Hannes Steinbach,,2026,120,158,18,53,115,59,47,58,29,1,126,227,47,32,37,556,30,83,99,34.7,19.7,59,6.2,7.8,1,1752,,,,
Darius Acuff Jr.,,2026,178,220,91,207,119,82,71,106,7,3,17,94,232,30,11,845,36,75,98.4,35.1,19.3,78,8.7,13.7,0,2303,,,,